Entity,Code,Year,Poverty
Albania,ALB,1996,0.920669007
Albania,ALB,2002,1.570843359
Albania,ALB,2005,0.860527113
Albania,ALB,2008,0.313649581
Albania,ALB,2012,0.849754448
Albania,ALB,2014,1.58089717
Albania,ALB,2015,0.245097908
Albania,ALB,2016,0.410364223
Albania,ALB,2017,0.428475456
Albania,ALB,2018,0.12077233
Albania,ALB,2019,0
Algeria,DZA,1988,6.250912528
Algeria,DZA,1995,5.624111328
Algeria,DZA,2011,0.449365234
Angola,AGO,2000,36.37447784
Angola,AGO,2008,34.44685654
Angola,AGO,2018,49.9029542
Argentina - urban,,1980,0.479876709
Argentina - urban,,1986,1.224447897
Argentina - urban,,1987,1.430374652
Argentina - urban,,1991,1.281598375
Argentina - urban,,1992,2.461977923
Argentina - urban,,1993,2.818199472
Argentina - urban,,1994,2.67456148
Argentina - urban,,1995,4.924876661
Argentina - urban,,1996,5.302168673
Argentina - urban,,1997,4.82075694
Argentina - urban,,1998,5.575853883
Argentina - urban,,1999,5.529384974
Argentina - urban,,2000,6.791716882
Argentina - urban,,2001,10.67957348
Argentina - urban,,2002,16.94100342
Argentina - urban,,2003,7.86846218
Argentina - urban,,2004,5.741770816
Argentina - urban,,2005,4.169149867
Argentina - urban,,2006,3.261263303
Argentina - urban,,2007,2.605010519
Argentina - urban,,2008,2.486261278
Argentina - urban,,2009,2.342289292
Argentina - urban,,2010,1.442093077
Argentina - urban,,2011,1.13540051
Argentina - urban,,2012,1.155553782
Argentina - urban,,2013,1.015866253
Argentina - urban,,2014,0.928841201
Argentina - urban,,2016,1.07087745
Argentina - urban,,2017,0.918538222
Argentina - urban,,2018,1.369831455
Argentina - urban,,2019,1.300301202
Argentina - urban,,2020,1.640418985
Armenia,ARM,1996,14.21614258
Armenia,ARM,1999,12.21169123
Armenia,ARM,2001,14.36108622
Armenia,ARM,2002,10.51450637
Armenia,ARM,2003,7.851497504
Armenia,ARM,2004,5.475655956
Armenia,ARM,2005,2.685916932
Armenia,ARM,2006,2.142006431
Armenia,ARM,2007,1.628520611
Armenia,ARM,2008,0.892808486
Armenia,ARM,2009,1.334730108
Armenia,ARM,2010,0.974466365
Armenia,ARM,2011,1.208877421
Armenia,ARM,2012,0.916995521
Armenia,ARM,2013,1.76707741
Armenia,ARM,2014,1.541668061
Armenia,ARM,2015,1.260682075
Armenia,ARM,2016,1.162991091
Armenia,ARM,2017,0.880793161
Armenia,ARM,2018,1.409536816
Armenia,ARM,2019,1.078998859
Armenia,ARM,2020,0.388134611
Australia,AUS,1981,0.993503051
Australia,AUS,1985,1.001309756
Australia,AUS,1989,0.744274977
Australia,AUS,1995,0.749782267
Australia,AUS,2001,0.747411616
Australia,AUS,2003,0.997330711
Australia,AUS,2004,0.499275906
Australia,AUS,2008,0.36123244
Australia,AUS,2010,0.349168412
Australia,AUS,2014,0.498483803
Australia,AUS,2016,0.498741779
Australia,AUS,2018,0.497093972
Austria,AUT,1987,0
Austria,AUT,1994,0.248399214
Austria,AUT,1995,0.994031531
Austria,AUT,1997,0.209077565
Austria,AUT,2000,0.241608771
Austria,AUT,2003,0.332203258
Austria,AUT,2004,0.081652888
Austria,AUT,2005,0.153690105
Austria,AUT,2006,0.090110007
Austria,AUT,2007,0.372291729
Austria,AUT,2008,0.47116702
Austria,AUT,2009,0.65623472
Austria,AUT,2010,0.490702532
Austria,AUT,2011,0.41540423
Austria,AUT,2012,0.616917369
Austria,AUT,2013,0.337997855
Austria,AUT,2014,0.224260216
Austria,AUT,2015,0.67719302
Austria,AUT,2016,0.664063548
Austria,AUT,2017,0.31808962
Austria,AUT,2018,0.56835837
Austria,AUT,2019,0.640638887
Azerbaijan,AZE,1995,7.080844425
Azerbaijan,AZE,2001,2.582734896
Azerbaijan,AZE,2002,0.042838097
Azerbaijan,AZE,2003,0
Azerbaijan,AZE,2004,0
Azerbaijan,AZE,2005,0
Bangladesh,BGD,1983,38.80491799
Bangladesh,BGD,1985,34.18285156
Bangladesh,BGD,1988,43.22452977
Bangladesh,BGD,1991,43.47000143
Bangladesh,BGD,1995,35.0381327
Bangladesh,BGD,2000,34.22189767
Bangladesh,BGD,2005,25.1178424
Bangladesh,BGD,2010,19.17757704
Bangladesh,BGD,2016,14.32454636
Belarus,BLR,1993,0.089329834
Belarus,BLR,1995,0.723968506
Belarus,BLR,1998,11.7964026
Belarus,BLR,1999,10.6027682
Belarus,BLR,2000,7.331884927
Belarus,BLR,2001,3.223238509
Belarus,BLR,2002,2.124368982
Belarus,BLR,2003,1.444169471
Belarus,BLR,2004,0.320860368
Belarus,BLR,2005,0.372049536
Belarus,BLR,2006,0.107735535
Belarus,BLR,2007,0.083754151
Belarus,BLR,2008,0
Belarus,BLR,2009,0.028866528
Belarus,BLR,2010,0
Belarus,BLR,2011,0
Belarus,BLR,2012,0
Belarus,BLR,2013,0
Belarus,BLR,2014,0
Belarus,BLR,2015,0
Belarus,BLR,2016,0
Belarus,BLR,2017,0
Belarus,BLR,2018,0
Belarus,BLR,2019,0
Belarus,BLR,2020,0
Belgium,BEL,1985,0.240187781
Belgium,BEL,1988,0.477808914
Belgium,BEL,1992,0.983283828
Belgium,BEL,1995,0.41241007
Belgium,BEL,1997,0.492479403
Belgium,BEL,2000,0.305506009
Belgium,BEL,2003,0.294419303
Belgium,BEL,2004,0.052021959
Belgium,BEL,2005,0.193070232
Belgium,BEL,2006,0.168941521
Belgium,BEL,2007,0.151451473
Belgium,BEL,2008,0.11841666
Belgium,BEL,2009,0.107580909
Belgium,BEL,2010,0.137115283
Belgium,BEL,2011,0.168268179
Belgium,BEL,2012,0.156571454
Belgium,BEL,2013,0.144508056
Belgium,BEL,2014,0.076495959
Belgium,BEL,2015,0.070758548
Belgium,BEL,2016,0.059816154
Belgium,BEL,2017,0.147868582
Belgium,BEL,2018,0.081113596
Belgium,BEL,2019,0.078552465
Belize,BLZ,1993,10.06149875
Belize,BLZ,1994,9.748367269
Belize,BLZ,1995,12.28684026
Belize,BLZ,1996,13.26205959
Belize,BLZ,1997,16.00053984
Belize,BLZ,1998,14.1631322
Belize,BLZ,1999,13.9180823
Benin,BEN,2003,51.42711015
Benin,BEN,2011,53.19271812
Benin,BEN,2015,49.60588586
Benin,BEN,2018,19.16538004
Bhutan,BTN,2003,17.76282503
Bhutan,BTN,2007,8.178762882
Bhutan,BTN,2012,2.184337539
Bhutan,BTN,2017,1.542608002
Bolivia,BOL,1997,19.25502198
Bolivia,BOL,1999,25.18191748
Bolivia,BOL,2000,28.56730051
Bolivia,BOL,2001,22.78254981
Bolivia,BOL,2002,24.56301141
Bolivia,BOL,2004,13.56689739
Bolivia,BOL,2005,19.19925367
Bolivia,BOL,2006,16.07259822
Bolivia,BOL,2007,12.44287638
Bolivia,BOL,2008,11.00038372
Bolivia,BOL,2009,10.34468752
Bolivia,BOL,2011,7.20750609
Bolivia,BOL,2012,8.160950094
Bolivia,BOL,2013,6.884085929
Bolivia,BOL,2014,5.714682673
Bolivia,BOL,2015,6.298490917
Bolivia,BOL,2016,7.465656071
Bolivia,BOL,2017,6.546305612
Bolivia,BOL,2018,4.903887861
Bolivia,BOL,2019,3.241089103
Bolivia,BOL,2020,4.407184692
Bolivia - urban,,1990,6.991025391
Bolivia - urban,,1992,15.00501509
Bosnia and Herzegovina,BIH,2001,0.311238987
Bosnia and Herzegovina,BIH,2004,0.16045823
Bosnia and Herzegovina,BIH,2007,0.058264243
Bosnia and Herzegovina,BIH,2011,0.058986505
Botswana,BWA,1985,40.91812897
Botswana,BWA,1993,33.27971191
Botswana,BWA,2002,28.17265219
Botswana,BWA,2009,17.24403363
Botswana,BWA,2015,14.49206031
Brazil,BRA,1981,21.29102971
Brazil,BRA,1982,21.69853372
Brazil,BRA,1983,27.41321672
Brazil,BRA,1984,26.72385323
Brazil,BRA,1985,23.06653266
Brazil,BRA,1986,10.45891668
Brazil,BRA,1987,17.6862557
Brazil,BRA,1988,20.03822486
Brazil,BRA,1989,18.23772226
Brazil,BRA,1990,21.50986003
Brazil,BRA,1992,20.74994107
Brazil,BRA,1993,19.83236282
Brazil,BRA,1995,12.94311842
Brazil,BRA,1996,14.11620739
Brazil,BRA,1997,13.95359709
Brazil,BRA,1998,12.68999634
Brazil,BRA,1999,13.32769408
Brazil,BRA,2001,11.53427493
Brazil,BRA,2002,10.24321168
Brazil,BRA,2003,11.0143276
Brazil,BRA,2004,9.679778148
Brazil,BRA,2005,8.57830153
Brazil,BRA,2006,7.168618041
Brazil,BRA,2007,6.749157814
Brazil,BRA,2008,5.53588836
Brazil,BRA,2009,5.37764822
Brazil,BRA,2011,4.696337493
Brazil,BRA,2012,3.891609187
Brazil,BRA,2013,3.216257174
Brazil,BRA,2014,2.879860538
Brazil,BRA,2015,3.369441248
Brazil,BRA,2016,4.113851171
Brazil,BRA,2017,4.662484282
Brazil,BRA,2018,4.664830817
Brazil,BRA,2019,4.859448925
Brazil,BRA,2020,1.726709799
Bulgaria,BGR,1989,0.052716064
Bulgaria,BGR,1992,0
Bulgaria,BGR,1994,0.254091797
Bulgaria,BGR,1995,1.1042098
Bulgaria,BGR,1997,0.516490479
Bulgaria,BGR,2001,2.507038477
Bulgaria,BGR,2003,0.881488738
Bulgaria,BGR,2006,5.619553012
Bulgaria,BGR,2007,0.442188016
Bulgaria,BGR,2008,1.215443489
Bulgaria,BGR,2009,1.29489643
Bulgaria,BGR,2010,1.978137772
Bulgaria,BGR,2011,2.446429648
Bulgaria,BGR,2012,2.200165441
Bulgaria,BGR,2013,1.783776549
Bulgaria,BGR,2014,1.631154832
Bulgaria,BGR,2015,3.394832585
Bulgaria,BGR,2016,1.94843469
Bulgaria,BGR,2017,1.371766349
Bulgaria,BGR,2018,0.870460562
Bulgaria,BGR,2019,0.912110236
Burkina Faso,BFA,1994,83.2371495
Burkina Faso,BFA,1998,81.63884616
Burkina Faso,BFA,2003,57.39957572
Burkina Faso,BFA,2009,55.41478507
Burkina Faso,BFA,2014,43.8438412
Burkina Faso,BFA,2018,33.66106899
Burundi,BDI,1992,81.89334675
Burundi,BDI,1998,84.70673253
Burundi,BDI,2006,78.60281282
Burundi,BDI,2013,72.79985018
Cameroon,CMR,1996,51.16825715
Cameroon,CMR,2001,26.01385948
Cameroon,CMR,2007,31.77693204
Cameroon,CMR,2014,25.97455471
Canada,CAN,1971,2.249591012
Canada,CAN,1975,0.998014988
Canada,CAN,1981,0.494720888
Canada,CAN,1987,0.221096777
Canada,CAN,1991,0.217573773
Canada,CAN,1994,0.248140968
Canada,CAN,1997,0.499269867
Canada,CAN,1998,0.499315121
Canada,CAN,2000,0.249810481
Canada,CAN,2004,0.243558485
Canada,CAN,2007,0.248252421
Canada,CAN,2010,0.248831004
Canada,CAN,2012,0.24652141
Canada,CAN,2013,0.496485445
Canada,CAN,2014,0.24215805
Canada,CAN,2015,0.24590449
Canada,CAN,2016,0.248713671
Canada,CAN,2017,0.247010647
Cape Verde,CPV,2001,16.57704589
Cape Verde,CPV,2007,8.3587719
Cape Verde,CPV,2015,3.350822897
Central African Republic,CAF,1992,84.13039941
Central African Republic,CAF,2008,65.92623586
Chad,TCD,2003,59.98948426
Chad,TCD,2011,38.07760059
Chad,TCD,2018,33.1926397
Chile,CHL,1987,11.40916021
Chile,CHL,1990,7.924109512
Chile,CHL,1992,4.566454214
Chile,CHL,1994,4.864719951
Chile,CHL,1996,3.354374732
Chile,CHL,1998,3.48250982
Chile,CHL,2000,4.28205255
Chile,CHL,2003,4.01188839
Chile,CHL,2006,1.45034681
Chile,CHL,2009,1.289789108
Chile,CHL,2011,0.609673412
Chile,CHL,2013,0.357674449
Chile,CHL,2015,0.302807623
Chile,CHL,2017,0.287591217
Chile,CHL,2020,0.674660061
China,CHN,1981,88.09111422
China,CHN,1984,75.23345054
China,CHN,1987,60.47261609
China,CHN,1990,66.26837381
China,CHN,1993,56.69396515
China,CHN,1996,41.72179295
China,CHN,1999,40.25520228
China,CHN,2002,31.69700477
China,CHN,2005,18.53583206
China,CHN,2008,14.85294525
China,CHN,2010,11.20540757
China,CHN,2011,7.93679329
China,CHN,2012,6.497061393
China,CHN,2013,1.860511843
China,CHN,2014,1.362431731
China,CHN,2015,0.727202722
China,CHN,2016,0.525072746
China,CHN,2017,0.425473529
China,CHN,2018,0.281523809
China,CHN,2019,0.088953933
China - rural,,1981,95.37281744
China - rural,,1984,84.60499333
China - rural,,1987,72.12176471
China - rural,,1990,78.5831245
China - rural,,1993,71.45566895
China - rural,,1996,54.83312838
China - rural,,1999,55.97665578
China - rural,,2002,48.41677173
China - rural,,2005,30.27738281
China - rural,,2008,26.61600586
China - rural,,2010,21.34362305
China - rural,,2011,15.48541992
China - rural,,2012,13.02009277
China - rural,,2013,3.390671387
China - rural,,2014,2.402099609
China - rural,,2015,1.248765869
China - rural,,2016,0.992469482
China - rural,,2017,0.821605225
China - rural,,2018,0.577513428
China - rural,,2019,0.162557373
China - urban,,1981,59.17785156
China - urban,,1984,42.39654053
China - urban,,1987,24.10186035
China - urban,,1990,32.01043457
China - urban,,1993,20.73339355
China - urban,,1996,13.75236816
China - urban,,1999,10.88428955
China - urban,,2002,4.904040527
China - urban,,2005,2.664498291
China - urban,,2008,1.340300293
China - urban,,2010,0.748377686
China - urban,,2011,0.540899658
China - urban,,2012,0.41885376
China - urban,,2013,0.504285889
China - urban,,2014,0.485979004
China - urban,,2015,0.309012451
China - urban,,2016,0.168659668
China - urban,,2017,0.138148193
China - urban,,2018,0.077125244
China - urban,,2019,0.040511475
Colombia,COL,1992,8.954667255
Colombia,COL,1996,16.65871825
Colombia,COL,1999,20.36367604
Colombia,COL,2000,16.75300993
Colombia,COL,2001,20.14607379
Colombia,COL,2002,13.16128495
Colombia,COL,2003,12.13306586
Colombia,COL,2004,11.18968627
Colombia,COL,2005,9.804271197
Colombia,COL,2008,10.39598356
Colombia,COL,2009,8.973782565
Colombia,COL,2010,7.751830521
Colombia,COL,2011,6.343444785
Colombia,COL,2012,6.247937114
Colombia,COL,2013,5.646797682
Colombia,COL,2014,5.034454067
Colombia,COL,2015,4.599995525
Colombia,COL,2016,4.528074891
Colombia,COL,2017,4.027637465
Colombia,COL,2018,4.187557899
Colombia,COL,2019,4.940732633
Colombia,COL,2020,10.31591638
Colombia - urban,,1980,19.78143555
Colombia - urban,,1988,14.41141602
Colombia - urban,,1989,13.28859375
Colombia - urban,,1991,12.60513672
Comoros,COM,2004,14.98353302
Comoros,COM,2014,19.07085981
Congo,COG,2005,55.09105488
Congo,COG,2011,39.56788295
Costa Rica,CRI,1981,25.1500547
Costa Rica,CRI,1986,13.47002027
Costa Rica,CRI,1989,10.43455443
Costa Rica,CRI,1990,10.21536538
Costa Rica,CRI,1991,11.83511193
Costa Rica,CRI,1992,9.706139138
Costa Rica,CRI,1993,8.110309026
Costa Rica,CRI,1994,6.776356964
Costa Rica,CRI,1995,6.971051419
Costa Rica,CRI,1996,8.075444742
Costa Rica,CRI,1997,6.605802635
Costa Rica,CRI,1998,5.091960128
Costa Rica,CRI,1999,6.573529713
Costa Rica,CRI,2000,6.720133616
Costa Rica,CRI,2001,4.859498646
Costa Rica,CRI,2002,4.568478201
Costa Rica,CRI,2003,4.572869765
Costa Rica,CRI,2004,4.386112179
Costa Rica,CRI,2005,3.198291867
Costa Rica,CRI,2006,3.183398468
Costa Rica,CRI,2007,1.757046942
Costa Rica,CRI,2008,2.343981279
Costa Rica,CRI,2009,2.435669747
Costa Rica,CRI,2010,1.465901299
Costa Rica,CRI,2011,1.647164667
Costa Rica,CRI,2012,1.633421163
Costa Rica,CRI,2013,1.58692521
Costa Rica,CRI,2014,1.493162753
Costa Rica,CRI,2015,1.541472775
Costa Rica,CRI,2016,1.265724898
Costa Rica,CRI,2017,1.057941227
Costa Rica,CRI,2018,1.455599555
Costa Rica,CRI,2019,1.012817215
Costa Rica,CRI,2020,2.063508544
Cote d'Ivoire,CIV,1985,7.580813056
Cote d'Ivoire,CIV,1986,3.530753301
Cote d'Ivoire,CIV,1987,7.407535537
Cote d'Ivoire,CIV,1988,11.86590629
Cote d'Ivoire,CIV,1992,23.70635249
Cote d'Ivoire,CIV,1995,21.60188359
Cote d'Ivoire,CIV,1998,27.04362894
Cote d'Ivoire,CIV,2002,24.37730626
Cote d'Ivoire,CIV,2008,30.43707478
Cote d'Ivoire,CIV,2015,29.83408269
Cote d'Ivoire,CIV,2018,9.184591858
Croatia,HRV,1998,0
Croatia,HRV,1999,0.235784912
Croatia,HRV,2000,0.089329834
Croatia,HRV,2001,0.077125244
Croatia,HRV,2004,0
Croatia,HRV,2008,0
Croatia,HRV,2009,0.034421198
Croatia,HRV,2010,0
Croatia,HRV,2011,0.664936059
Croatia,HRV,2012,0.835570547
Croatia,HRV,2013,0.728868108
Croatia,HRV,2014,0.981814072
Croatia,HRV,2015,0.610296713
Croatia,HRV,2016,0.620611197
Croatia,HRV,2017,0.529763512
Croatia,HRV,2018,0.437550465
Croatia,HRV,2019,0.259925851
Cyprus,CYP,2004,0.094067947
Cyprus,CYP,2005,0.006351349
Cyprus,CYP,2006,0
Cyprus,CYP,2007,0.025159187
Cyprus,CYP,2008,0.008470223
Cyprus,CYP,2009,0.111964951
Cyprus,CYP,2010,0.022148005
Cyprus,CYP,2011,0.008045135
Cyprus,CYP,2012,0.004237799
Cyprus,CYP,2013,0.097018569
Cyprus,CYP,2014,0.078329797
Cyprus,CYP,2015,0
Cyprus,CYP,2016,0.041149011
Cyprus,CYP,2017,0.032828864
Cyprus,CYP,2018,0.016506581
Cyprus,CYP,2019,0.153831786
Czechia,CZE,1992,0
Czechia,CZE,1993,0.016102295
Czechia,CZE,1996,0
Czechia,CZE,2002,0
Czechia,CZE,2004,0
Czechia,CZE,2005,0.004932986
Czechia,CZE,2006,0.06581068
Czechia,CZE,2007,0.115902564
Czechia,CZE,2008,0.032779836
Czechia,CZE,2009,0.012035621
Czechia,CZE,2010,0.036178334
Czechia,CZE,2011,0.046060844
Czechia,CZE,2012,0.032207156
Czechia,CZE,2013,0.045690929
Czechia,CZE,2014,0
Czechia,CZE,2015,0.008764511
Czechia,CZE,2016,0
Czechia,CZE,2017,0
Czechia,CZE,2018,0.008861816
Czechia,CZE,2019,0
Democratic Republic of Congo,COD,2004,94.27898259
Democratic Republic of Congo,COD,2012,77.15222368
Denmark,DNK,1987,0.497395525
Denmark,DNK,1992,0.493952007
Denmark,DNK,1995,0
Denmark,DNK,2000,0
Denmark,DNK,2003,0.3432746
Denmark,DNK,2004,0.314980658
Denmark,DNK,2005,0.254847565
Denmark,DNK,2006,0.137509206
Denmark,DNK,2007,0.01391448
Denmark,DNK,2008,0.113210566
Denmark,DNK,2009,0.49477512
Denmark,DNK,2010,0.057294009
Denmark,DNK,2011,0
Denmark,DNK,2012,0
Denmark,DNK,2013,0.310915646
Denmark,DNK,2014,0.202610917
Denmark,DNK,2015,0.175425859
Denmark,DNK,2016,0.278386959
Denmark,DNK,2017,0.140905154
Denmark,DNK,2018,0.170111758
Denmark,DNK,2019,0.251407179
Djibouti,DJI,2002,20.19600125
Djibouti,DJI,2012,18.18139302
Djibouti,DJI,2013,22.31681003
Djibouti,DJI,2017,17.00699173
Dominican Republic,DOM,1986,5.47765625
Dominican Republic,DOM,1989,14.09409668
Dominican Republic,DOM,1992,5.648520508
Dominican Republic,DOM,1996,5.333109431
Dominican Republic,DOM,1997,5.630864234
Dominican Republic,DOM,2000,5.547384151
Dominican Republic,DOM,2001,4.106956535
Dominican Republic,DOM,2002,5.911267738
Dominican Republic,DOM,2003,6.910469483
Dominican Republic,DOM,2004,8.973915941
Dominican Republic,DOM,2005,5.878107303
Dominican Republic,DOM,2006,4.674452345
Dominican Republic,DOM,2007,4.483351641
Dominican Republic,DOM,2008,3.945982469
Dominican Republic,DOM,2009,3.549638004
Dominican Republic,DOM,2010,2.694732182
Dominican Republic,DOM,2011,2.911942917
Dominican Republic,DOM,2012,2.598818077
Dominican Republic,DOM,2013,2.165482691
Dominican Republic,DOM,2014,2.079123976
Dominican Republic,DOM,2015,1.780836172
Dominican Republic,DOM,2016,1.63652686
Dominican Republic,DOM,2017,0.691955384
Dominican Republic,DOM,2018,0.434985186
Dominican Republic,DOM,2019,0.565464151
Dominican Republic,DOM,2020,0.768215806
East Asia and Pacific,,1981,80.21210437
East Asia and Pacific,,1982,77.99400213
East Asia and Pacific,,1983,74.82061585
East Asia and Pacific,,1984,69.7119562
East Asia and Pacific,,1985,65.68516536
East Asia and Pacific,,1986,62.75879815
East Asia and Pacific,,1987,58.77777331
East Asia and Pacific,,1988,53.26276425
East Asia and Pacific,,1989,63.35577629
East Asia and Pacific,,1990,60.86799625
East Asia and Pacific,,1991,58.87059366
East Asia and Pacific,,1992,56.14231851
East Asia and Pacific,,1993,53.23657864
East Asia and Pacific,,1994,49.71809634
East Asia and Pacific,,1995,44.57906357
East Asia and Pacific,,1996,40.22205553
East Asia and Pacific,,1997,40.13168119
East Asia and Pacific,,1998,41.4232103
East Asia and Pacific,,1999,37.87169391
East Asia and Pacific,,2000,34.78941147
East Asia and Pacific,,2001,32.7318725
East Asia and Pacific,,2002,29.07886657
East Asia and Pacific,,2003,25.87483932
East Asia and Pacific,,2004,22.48763808
East Asia and Pacific,,2005,18.31038711
East Asia and Pacific,,2006,17.84864506
East Asia and Pacific,,2007,15.70324617
East Asia and Pacific,,2008,14.73357909
East Asia and Pacific,,2009,12.85479214
East Asia and Pacific,,2010,10.76985732
East Asia and Pacific,,2011,8.134406501
East Asia and Pacific,,2012,6.861056756
East Asia and Pacific,,2013,3.253936578
East Asia and Pacific,,2014,2.649031225
East Asia and Pacific,,2015,2.056365019
East Asia and Pacific,,2016,1.718488674
East Asia and Pacific,,2017,1.45363665
East Asia and Pacific,,2018,1.196224095
East Asia and Pacific,,2019,0.871351415
Ecuador,ECU,1994,17.3190412
Ecuador,ECU,1999,21.8834155
Ecuador,ECU,2000,28.43041764
Ecuador,ECU,2003,14.86874563
Ecuador,ECU,2004,15.05880541
Ecuador,ECU,2005,11.80350743
Ecuador,ECU,2006,8.163712192
Ecuador,ECU,2007,8.527814166
Ecuador,ECU,2008,7.513952554
Ecuador,ECU,2009,7.321059239
Ecuador,ECU,2010,5.696000915
Ecuador,ECU,2011,4.687120241
Ecuador,ECU,2012,4.493923957
Ecuador,ECU,2013,3.244499318
Ecuador,ECU,2014,2.636244396
Ecuador,ECU,2015,3.453474507
Ecuador,ECU,2016,3.577467799
Ecuador,ECU,2017,3.223415003
Ecuador,ECU,2018,3.32632324
Ecuador,ECU,2019,3.583584169
Ecuador,ECU,2020,6.519245122
Ecuador - urban,,1987,17.67398538
Ecuador - urban,,1995,13.80884002
Ecuador - urban,,1998,15.98993932
Egypt,EGY,1990,8.650849609
Egypt,EGY,1995,5.611906738
Egypt,EGY,1999,2.37769043
Egypt,EGY,2004,5.165729768
Egypt,EGY,2008,4.683732782
Egypt,EGY,2010,2.151346704
Egypt,EGY,2012,1.484347328
Egypt,EGY,2015,1.609676813
Egypt,EGY,2017,3.805964795
El Salvador,SLV,1989,18.20704346
El Salvador,SLV,1991,20.91238594
El Salvador,SLV,1995,12.67043222
El Salvador,SLV,1996,14.50996966
El Salvador,SLV,1998,20.31091199
El Salvador,SLV,1999,16.45208759
El Salvador,SLV,2000,12.39665628
El Salvador,SLV,2001,13.62054352
El Salvador,SLV,2002,14.14015845
El Salvador,SLV,2003,15.08336616
El Salvador,SLV,2004,11.03137279
El Salvador,SLV,2005,10.56160005
El Salvador,SLV,2006,7.073039316
El Salvador,SLV,2007,4.688561907
El Salvador,SLV,2008,7.008568141
El Salvador,SLV,2009,6.78598745
El Salvador,SLV,2010,5.715199084
El Salvador,SLV,2011,4.738093773
El Salvador,SLV,2012,4.21987284
El Salvador,SLV,2013,3.361626439
El Salvador,SLV,2014,3.099384317
El Salvador,SLV,2015,1.98958891
El Salvador,SLV,2016,2.323180548
El Salvador,SLV,2017,1.904774933
El Salvador,SLV,2018,1.5152307
El Salvador,SLV,2019,1.252254607
Estonia,EST,1993,1.16333374
Estonia,EST,1995,0.467672119
Estonia,EST,1998,0.113739014
Estonia,EST,2000,1.28658428
Estonia,EST,2001,0.996882065
Estonia,EST,2002,0.992722648
Estonia,EST,2003,0.959509932
Estonia,EST,2004,0.453158972
Estonia,EST,2005,0.75822227
Estonia,EST,2006,0.708870218
Estonia,EST,2007,0.425323708
Estonia,EST,2008,0.354406549
Estonia,EST,2009,0.555037059
Estonia,EST,2010,0.707029221
Estonia,EST,2011,0.97961551
Estonia,EST,2012,0.715480099
Estonia,EST,2013,0.834950094
Estonia,EST,2014,0.677464118
Estonia,EST,2015,0.586831506
Estonia,EST,2016,0.470058617
Estonia,EST,2017,0.268706029
Estonia,EST,2018,0.227362395
Estonia,EST,2019,0.483992557
Eswatini,SWZ,1994,82.06145752
Eswatini,SWZ,2000,48.93852204
Eswatini,SWZ,2009,43.00034034
Eswatini,SWZ,2016,29.16769713
Ethiopia,ETH,1995,68.95866736
Ethiopia,ETH,1999,57.82763999
Ethiopia,ETH,2004,38.5482828
Ethiopia,ETH,2010,35.5733797
Ethiopia,ETH,2015,30.79951005
Ethiopia - rural,,1981,71.24819092
Europe and Central Asia,,1990,2.281280978
Europe and Central Asia,,1991,2.762146159
Europe and Central Asia,,1992,4.205194645
Europe and Central Asia,,1993,5.149166846
Europe and Central Asia,,1994,6.714918891
Europe and Central Asia,,1995,6.774952721
Europe and Central Asia,,1996,6.81657964
Europe and Central Asia,,1997,5.987140694
Europe and Central Asia,,1998,5.996871821
Europe and Central Asia,,1999,7.845749125
Europe and Central Asia,,2000,7.424145402
Europe and Central Asia,,2001,6.62280811
Europe and Central Asia,,2002,5.734049548
Europe and Central Asia,,2003,5.795372914
Europe and Central Asia,,2004,4.82782052
Europe and Central Asia,,2005,4.698250197
Europe and Central Asia,,2006,3.968135848
Europe and Central Asia,,2007,3.319170711
Europe and Central Asia,,2008,2.705417788
Europe and Central Asia,,2009,2.500473585
Europe and Central Asia,,2010,2.372588134
Europe and Central Asia,,2011,2.04848255
Europe and Central Asia,,2012,1.898929897
Europe and Central Asia,,2013,1.638557971
Europe and Central Asia,,2014,1.833010713
Europe and Central Asia,,2015,1.536664119
Europe and Central Asia,,2016,1.320907172
Europe and Central Asia,,2017,1.31691542
Europe and Central Asia,,2018,0.994396519
Europe and Central Asia,,2019,1.05317833
Fiji,FJI,2002,2.264135816
Fiji,FJI,2008,1.625756415
Fiji,FJI,2013,0.480591235
Fiji,FJI,2019,1.846358882
Finland,FIN,1987,0
Finland,FIN,1991,0
Finland,FIN,1995,0
Finland,FIN,2000,0
Finland,FIN,2003,0.049275037
Finland,FIN,2004,0.037976076
Finland,FIN,2005,0.055315241
Finland,FIN,2006,0.080375466
Finland,FIN,2007,0.063742586
Finland,FIN,2008,0.053872227
Finland,FIN,2009,0.052470086
Finland,FIN,2010,0.048855014
Finland,FIN,2011,0.047390878
Finland,FIN,2012,0.052725158
Finland,FIN,2013,0.085137585
Finland,FIN,2014,0.06616784
Finland,FIN,2015,0.07020851
Finland,FIN,2016,0.046431609
Finland,FIN,2017,0.065777735
Finland,FIN,2018,0.056774256
Finland,FIN,2019,0.03882923
France,FRA,1978,0.990547969
France,FRA,1984,1.497783578
France,FRA,1989,0.989945703
France,FRA,1994,0
France,FRA,2000,0
France,FRA,2003,0.157357503
France,FRA,2004,0.045593246
France,FRA,2005,0.043055452
France,FRA,2006,0.027628508
France,FRA,2007,0.014867865
France,FRA,2008,0.009692239
France,FRA,2009,0.044348998
France,FRA,2010,0.082015695
France,FRA,2011,0.025783392
France,FRA,2012,0.053500022
France,FRA,2013,0.060390084
France,FRA,2014,0.018678668
France,FRA,2015,0.133555046
France,FRA,2016,0.058125883
France,FRA,2017,0.013625951
France,FRA,2018,0.021168055
Gabon,GAB,2005,7.97246283
Gabon,GAB,2017,3.385240564
Gambia,GMB,1998,70.82780361
Gambia,GMB,2003,46.14136502
Gambia,GMB,2010,25.3532382
Gambia,GMB,2015,10.29717513
Georgia,GEO,1996,5.33193662
Georgia,GEO,1997,15.94878401
Georgia,GEO,1998,14.47077434
Georgia,GEO,1999,18.53509397
Georgia,GEO,2000,19.20038727
Georgia,GEO,2001,19.03577354
Georgia,GEO,2002,10.34033104
Georgia,GEO,2003,10.41314506
Georgia,GEO,2004,9.948790112
Georgia,GEO,2005,10.71801788
Georgia,GEO,2006,10.26592648
Georgia,GEO,2007,11.57927461
Georgia,GEO,2008,10.16898186
Georgia,GEO,2009,10.09341993
Georgia,GEO,2010,11.95626333
Georgia,GEO,2011,11.09901571
Georgia,GEO,2012,8.464171615
Georgia,GEO,2013,6.429872824
Georgia,GEO,2014,4.917639085
Georgia,GEO,2015,3.69666829
Georgia,GEO,2016,3.8034697
Georgia,GEO,2017,4.976110236
Georgia,GEO,2018,4.488530007
Georgia,GEO,2019,3.783245357
Georgia,GEO,2020,4.2335331
Germany,DEU,1991,0
Germany,DEU,1992,0
Germany,DEU,1993,0
Germany,DEU,1994,0.188213481
Germany,DEU,1995,0.242429062
Germany,DEU,1996,0
Germany,DEU,1997,0
Germany,DEU,1998,0
Germany,DEU,1999,0
Germany,DEU,2000,0
Germany,DEU,2001,0
Germany,DEU,2002,0
Germany,DEU,2003,0
Germany,DEU,2004,0
Germany,DEU,2005,0
Germany,DEU,2006,0
Germany,DEU,2007,0
Germany,DEU,2008,0
Germany,DEU,2009,0
Germany,DEU,2010,0
Germany,DEU,2011,0
Germany,DEU,2012,0
Germany,DEU,2013,0
Germany,DEU,2014,0
Germany,DEU,2015,0
Germany,DEU,2016,0
Germany,DEU,2017,0.233553219
Germany,DEU,2018,0
Ghana,GHA,1987,40.54663398
Ghana,GHA,1988,40.33396484
Ghana,GHA,1991,47.87731397
Ghana,GHA,1998,34.24455173
Ghana,GHA,2005,23.35818849
Ghana,GHA,2012,11.16313202
Ghana,GHA,2016,12.65590167
Greece,GRC,1995,1.737675457
Greece,GRC,2000,0.493105459
Greece,GRC,2003,0.529311592
Greece,GRC,2004,0.650729664
Greece,GRC,2005,0.338561714
Greece,GRC,2006,0.552715668
Greece,GRC,2007,0.499264448
Greece,GRC,2008,0.344443777
Greece,GRC,2009,0.62968679
Greece,GRC,2010,0.973068322
Greece,GRC,2011,1.172715719
Greece,GRC,2012,1.469777582
Greece,GRC,2013,0.999176548
Greece,GRC,2014,1.531867215
Greece,GRC,2015,1.398611038
Greece,GRC,2016,1.054050496
Greece,GRC,2017,0.887073596
Greece,GRC,2018,0.139562674
Greece,GRC,2019,0.718430157
Guatemala,GTM,1986,48.79352138
Guatemala,GTM,1989,36.258002
Guatemala,GTM,1998,13.48386719
Guatemala,GTM,2000,9.302499295
Guatemala,GTM,2006,11.15663666
Guatemala,GTM,2014,8.778929101
Guinea,GIN,1991,91.83641323
Guinea,GIN,1994,49.75548269
Guinea,GIN,2002,63.00099279
Guinea,GIN,2007,58.36031057
Guinea,GIN,2012,36.09346201
Guinea,GIN,2018,23.18536681
Guinea-Bissau,GNB,1993,44.13047217
Guinea-Bissau,GNB,2002,56.6199272
Guinea-Bissau,GNB,2010,68.39169513
Guinea-Bissau,GNB,2018,24.66736995
Guyana,GUY,1992,28.91086758
Guyana,GUY,1998,11.81051265
Haiti,HTI,2001,63.14670056
Haiti,HTI,2012,24.48896531
High income countries,,1981,0.625087037
High income countries,,1982,0.612093221
High income countries,,1983,0.610530744
High income countries,,1984,0.611237695
High income countries,,1985,0.559519069
High income countries,,1986,0.532159761
High income countries,,1987,0.568879622
High income countries,,1988,0.518332718
High income countries,,1989,0.455369337
High income countries,,1990,0.450860909
High income countries,,1991,0.445445345
High income countries,,1992,0.456405315
High income countries,,1993,0.4908563
High income countries,,1994,0.48015599
High income countries,,1995,0.47707542
High income countries,,1996,0.459912412
High income countries,,1997,0.539644905
High income countries,,1998,0.542227332
High income countries,,1999,0.51102087
High income countries,,2000,0.483832499
High income countries,,2001,0.483006707
High income countries,,2002,0.478603892
High income countries,,2003,0.556987656
High income countries,,2004,0.532253425
High income countries,,2005,0.542456155
High income countries,,2006,0.510015001
High income countries,,2007,0.501624277
High income countries,,2008,0.51306272
High income countries,,2009,0.515637268
High income countries,,2010,0.502242106
High income countries,,2011,0.561554728
High income countries,,2012,0.573955614
High income countries,,2013,0.634052629
High income countries,,2014,0.678808865
High income countries,,2015,0.732068734
High income countries,,2016,0.633746117
High income countries,,2017,0.700461768
High income countries,,2018,0.606286448
High income countries,,2019,0.602379965
Honduras,HND,1989,42.87862609
Honduras,HND,1990,44.96289879
Honduras,HND,1991,34.12428824
Honduras,HND,1992,29.20400915
Honduras,HND,1993,24.31717987
Honduras,HND,1994,26.95599423
Honduras,HND,1995,28.16010532
Honduras,HND,1996,31.35800887
Honduras,HND,1997,21.84494235
Honduras,HND,1998,26.5879999
Honduras,HND,1999,26.7672199
Honduras,HND,2001,21.91009315
Honduras,HND,2002,23.91564747
Honduras,HND,2003,28.49233297
Honduras,HND,2004,27.74628074
Honduras,HND,2005,27.10790874
Honduras,HND,2006,23.02015386
Honduras,HND,2007,17.5672155
Honduras,HND,2008,16.89133231
Honduras,HND,2009,14.16338099
Honduras,HND,2010,15.55672164
Honduras,HND,2011,15.97759996
Honduras,HND,2012,19.001182
Honduras,HND,2013,16.41899281
Honduras,HND,2014,15.2174759
Honduras,HND,2015,14.92499362
Honduras,HND,2016,16.110515
Honduras,HND,2017,15.43528057
Honduras,HND,2018,15.81077953
Honduras,HND,2019,14.77851082
Honduras - urban,,1986,52.55309483
Hungary,HUN,1987,0.052716064
Hungary,HUN,1989,0.052716064
Hungary,HUN,1991,1.43638851
Hungary,HUN,1993,0.162557373
Hungary,HUN,1994,0.931307054
Hungary,HUN,1998,0.042333519
Hungary,HUN,1999,0.018763049
Hungary,HUN,2000,0
Hungary,HUN,2001,0
Hungary,HUN,2002,0
Hungary,HUN,2003,0.018131863
Hungary,HUN,2004,0
Hungary,HUN,2005,0
Hungary,HUN,2006,0
Hungary,HUN,2007,0
Hungary,HUN,2008,0.013135188
Hungary,HUN,2009,0.062055519
Hungary,HUN,2010,0.058671212
Hungary,HUN,2011,0.082624197
Hungary,HUN,2012,0.305815229
Hungary,HUN,2013,0.107130496
Hungary,HUN,2014,0.643744762
Hungary,HUN,2015,0.569847472
Hungary,HUN,2016,1.330806135
Hungary,HUN,2017,0.591938551
Hungary,HUN,2018,0.207530354
Hungary,HUN,2019,0.271027759
Iceland,ISL,2003,0
Iceland,ISL,2004,0.170065497
Iceland,ISL,2005,0.03701966
Iceland,ISL,2006,0.146804858
Iceland,ISL,2007,0.08061417
Iceland,ISL,2008,0.060815003
Iceland,ISL,2009,0.097200671
Iceland,ISL,2010,0.149384488
Iceland,ISL,2011,0.123283962
Iceland,ISL,2012,0.033555817
Iceland,ISL,2013,0.047026344
Iceland,ISL,2014,0
Iceland,ISL,2015,0.034490183
Iceland,ISL,2016,0
Iceland,ISL,2017,0
India,IND,1977,63.10219179
India,IND,1983,56.39493841
India,IND,1987,50.57548088
India,IND,1993,47.62246018
India,IND,2004,39.90121167
India,IND,2009,32.83586057
India,IND,2011,22.50708687
India,IND,2015,18.71870305
India,IND,2016,18.09145386
India,IND,2017,13.35759876
India,IND,2018,11.0800903
India,IND,2019,9.999751268
India - rural,,1977,68.58910736
India - rural,,1983,62.27551455
India - rural,,1987,55.18695068
India - rural,,1993,53.4641797
India - rural,,2004,45.30752732
India - rural,,2009,37.92070983
India - rural,,2011,26.2792998
India - rural,,2015,21.98728002
India - rural,,2016,20.0752479
India - rural,,2017,14.58502775
India - rural,,2018,11.67175487
India - rural,,2019,11.90436949
India - urban,,1977,43.67802246
India - urban,,1983,37.64895508
India - urban,,1987,36.60954338
India - urban,,1993,31.1598786
India - urban,,2004,26.60249444
India - urban,,2009,21.29649281
India - urban,,2011,14.21825323
India - urban,,2015,12.01511366
India - urban,,2016,14.09672328
India - urban,,2017,10.93196528
India - urban,,2018,9.93309907
India - urban,,2019,6.379252809
Indonesia,IDN,1984,68.50344821
Indonesia,IDN,1987,68.15729679
Indonesia,IDN,1990,54.93112999
Indonesia,IDN,1993,54.7991331
Indonesia,IDN,1996,43.55291292
Indonesia,IDN,1998,63.1625002
Indonesia,IDN,1999,37.41218444
Indonesia,IDN,2000,34.88812446
Indonesia,IDN,2001,31.22099903
Indonesia,IDN,2002,18.98616466
Indonesia,IDN,2003,19.34284086
Indonesia,IDN,2004,20.97282406
Indonesia,IDN,2005,17.98056957
Indonesia,IDN,2006,23.86220939
Indonesia,IDN,2007,19.30542346
Indonesia,IDN,2008,18.96171923
Indonesia,IDN,2009,15.48444435
Indonesia,IDN,2010,13.28718423
Indonesia,IDN,2011,10.92361855
Indonesia,IDN,2012,9.470776672
Indonesia,IDN,2013,7.311688271
Indonesia,IDN,2014,6.182757429
Indonesia,IDN,2015,5.813075744
Indonesia,IDN,2016,5.239999407
Indonesia,IDN,2017,4.455187273
Indonesia,IDN,2018,3.626934175
Indonesia,IDN,2019,2.697362964
Indonesia,IDN,2020,2.252277373
Indonesia,IDN,2021,2.163278204
Indonesia - rural,,1984,76.48686164
Indonesia - rural,,1987,74.95838623
Indonesia - rural,,1990,62.77398416
Indonesia - rural,,1993,64.21000026
Indonesia - rural,,1996,52.92498797
Indonesia - rural,,1998,73.21127176
Indonesia - rural,,1999,43.72633615
Indonesia - rural,,2000,40.52191331
Indonesia - rural,,2001,37.64473538
Indonesia - rural,,2002,25.83833086
Indonesia - rural,,2003,25.38107842
Indonesia - rural,,2004,28.52764897
Indonesia - rural,,2005,24.49711784
Indonesia - rural,,2006,31.96072054
Indonesia - rural,,2007,25.90777416
Indonesia - rural,,2008,24.45874502
Indonesia - rural,,2009,19.43652612
Indonesia - rural,,2010,16.69690761
Indonesia - rural,,2011,13.20567308
Indonesia - rural,,2012,11.10293643
Indonesia - rural,,2013,8.049866123
Indonesia - rural,,2014,6.507867733
Indonesia - rural,,2015,5.899798814
Indonesia - rural,,2016,5.495034801
Indonesia - rural,,2017,4.552859384
Indonesia - rural,,2018,3.874208877
Indonesia - rural,,2019,2.721151241
Indonesia - rural,,2020,2.120096306
Indonesia - rural,,2021,1.975943374
Indonesia - urban,,1984,44.86186768
Indonesia - urban,,1987,50.52479736
Indonesia - urban,,1990,37.13033351
Indonesia - urban,,1993,36.37378635
Indonesia - urban,,1996,27.75491923
Indonesia - urban,,1998,47.83109971
Indonesia - urban,,1999,28.24743912
Indonesia - urban,,2000,27.10876913
Indonesia - urban,,2001,22.63004188
Indonesia - urban,,2002,10.11081022
Indonesia - urban,,2003,11.7679538
Indonesia - urban,,2004,11.79455425
Indonesia - urban,,2005,10.31282397
Indonesia - urban,,2006,14.6332543
Indonesia - urban,,2007,12.01832286
Indonesia - urban,,2008,13.08598038
Indonesia - urban,,2009,11.39304956
Indonesia - urban,,2010,9.865711211
Indonesia - urban,,2011,8.695238189
Indonesia - urban,,2012,7.919849302
Indonesia - urban,,2013,6.629063791
Indonesia - urban,,2014,5.890198306
Indonesia - urban,,2015,5.737131041
Indonesia - urban,,2016,5.022650807
Indonesia - urban,,2017,4.374165826
Indonesia - urban,,2018,3.427259573
Indonesia - urban,,2019,2.678660795
Indonesia - urban,,2020,2.353462715
Indonesia - urban,,2021,2.302937318
Iran,IRN,1986,6.820161133
Iran,IRN,1990,6.23434082
Iran,IRN,1994,2.890283203
Iran,IRN,1998,2.853669434
Iran,IRN,2005,0.62161258
Iran,IRN,2006,0.554256405
Iran,IRN,2009,1.110224085
Iran,IRN,2013,0.168029826
Iran,IRN,2014,0.420349545
Iran,IRN,2015,0.421258092
Iran,IRN,2016,0.384336113
Iran,IRN,2017,0.355910196
Iran,IRN,2018,0.547184606
Iran,IRN,2019,0.598564221
Iraq,IRQ,2006,1.542127171
Iraq,IRQ,2012,1.651316283
Ireland,IRL,1987,0.689184037
Ireland,IRL,1994,0.163433766
Ireland,IRL,1995,0.176097523
Ireland,IRL,1996,0.224018085
Ireland,IRL,2000,0.178272197
Ireland,IRL,2002,0.235051835
Ireland,IRL,2003,0.127632712
Ireland,IRL,2004,0.038251906
Ireland,IRL,2005,0.021705688
Ireland,IRL,2006,0.396348908
Ireland,IRL,2007,0.082474847
Ireland,IRL,2008,0.180506709
Ireland,IRL,2009,0.432160412
Ireland,IRL,2010,0.542757136
Ireland,IRL,2011,0.471958032
Ireland,IRL,2012,0.247173806
Ireland,IRL,2013,0.654647895
Ireland,IRL,2014,0.388953793
Ireland,IRL,2015,0.329620178
Ireland,IRL,2016,0.131176082
Ireland,IRL,2017,0.243196115
Ireland,IRL,2018,0.003921386
Israel,ISR,1979,0
Israel,ISR,1986,0.235500487
Israel,ISR,1992,0.215327275
Israel,ISR,1997,0.245608358
Israel,ISR,2001,0.248977772
Israel,ISR,2002,0.480425345
Israel,ISR,2003,0.462705842
Israel,ISR,2004,0.499138864
Israel,ISR,2005,0.483315293
Israel,ISR,2006,0.224965806
Israel,ISR,2007,0.491812385
Israel,ISR,2008,0.483507903
Israel,ISR,2009,0.491627745
Israel,ISR,2010,0.227678353
Israel,ISR,2011,0.230770592
Israel,ISR,2012,0.494677849
Israel,ISR,2013,0.453780336
Israel,ISR,2014,0.49243242
Israel,ISR,2015,0.493853655
Israel,ISR,2016,0.241394643
Israel,ISR,2017,0.45742482
Israel,ISR,2018,0.235831517
Italy,ITA,1986,0.2057441
Italy,ITA,1987,1.240926384
Italy,ITA,1989,0
Italy,ITA,1991,0.247716943
Italy,ITA,1993,1.223218901
Italy,ITA,1995,0.742329068
Italy,ITA,1998,1.742441262
Italy,ITA,2000,1.249517026
Italy,ITA,2003,0.769403296
Italy,ITA,2004,0.604520633
Italy,ITA,2005,0.631702221
Italy,ITA,2006,0.653436245
Italy,ITA,2007,0.680242974
Italy,ITA,2008,0.697494271
Italy,ITA,2009,0.892116904
Italy,ITA,2010,1.257988829
Italy,ITA,2011,1.15604815
Italy,ITA,2012,1.17169324
Italy,ITA,2013,1.366527132
Italy,ITA,2014,1.232120299
Italy,ITA,2015,1.948866408
Italy,ITA,2016,1.625867886
Italy,ITA,2017,1.41808696
Italy,ITA,2018,1.457646871
Jamaica,JAM,1988,6.136704102
Jamaica,JAM,1990,4.570004155
Jamaica,JAM,1993,9.834694824
Jamaica,JAM,1996,3.428040362
Jamaica,JAM,1999,2.614325053
Jamaica,JAM,2002,2.732900276
Jamaica,JAM,2004,1.655845735
Japan,JPN,2008,0.479825608
Japan,JPN,2010,0
Japan,JPN,2013,0.727887887
Jordan,JOR,1986,0
Jordan,JOR,1992,2.707214355
Jordan,JOR,1997,1.480653076
Jordan,JOR,2002,0.984934224
Jordan,JOR,2006,0.289051688
Jordan,JOR,2008,0.118233385
Jordan,JOR,2010,0.104122496
Kazakhstan,KAZ,1993,5.201124085
Kazakhstan,KAZ,1996,5.911267961
Kazakhstan,KAZ,2001,8.860234321
Kazakhstan,KAZ,2002,5.611209629
Kazakhstan,KAZ,2003,3.685973384
Kazakhstan,KAZ,2004,1.754017771
Kazakhstan,KAZ,2005,5.81974119
Kazakhstan,KAZ,2006,0.465626411
Kazakhstan,KAZ,2007,0.224974687
Kazakhstan,KAZ,2008,0.013667726
Kazakhstan,KAZ,2009,0.095817158
Kazakhstan,KAZ,2010,0.094624304
Kazakhstan,KAZ,2011,0.030577111
Kazakhstan,KAZ,2012,0.025146357
Kazakhstan,KAZ,2013,0.019395286
Kazakhstan,KAZ,2014,0.002631751
Kazakhstan,KAZ,2015,0.010768418
Kazakhstan,KAZ,2016,0.011515605
Kazakhstan,KAZ,2017,0.019417364
Kazakhstan,KAZ,2018,0.010537845
Kenya,KEN,1992,31.66870605
Kenya,KEN,1994,31.68947323
Kenya,KEN,1997,32.21120559
Kenya,KEN,2005,43.89710782
Kenya,KEN,2015,37.07855939
Kiribati,KIR,2006,12.86929707
Kiribati,KIR,2019,1.300592089
Kosovo,OWID_KOS,2003,1.949947812
Kosovo,OWID_KOS,2005,3.466112099
Kosovo,OWID_KOS,2006,3.581922692
Kosovo,OWID_KOS,2009,3.193181755
Kosovo,OWID_KOS,2010,2.459080511
Kosovo,OWID_KOS,2011,1.676373536
Kosovo,OWID_KOS,2012,0.56523594
Kosovo,OWID_KOS,2013,0.319014785
Kosovo,OWID_KOS,2014,0.988267342
Kosovo,OWID_KOS,2015,0.722754463
Kosovo,OWID_KOS,2016,0.764696094
Kosovo,OWID_KOS,2017,0.440241311
Kyrgyzstan,KGZ,1998,27.24113033
Kyrgyzstan,KGZ,2000,35.13557731
Kyrgyzstan,KGZ,2001,31.37276631
Kyrgyzstan,KGZ,2002,28.29657716
Kyrgyzstan,KGZ,2003,22.34244579
Kyrgyzstan,KGZ,2004,9.888407863
Kyrgyzstan,KGZ,2005,12.05697418
Kyrgyzstan,KGZ,2006,7.268309019
Kyrgyzstan,KGZ,2007,7.926718954
Kyrgyzstan,KGZ,2008,2.87067131
Kyrgyzstan,KGZ,2009,1.362547998
Kyrgyzstan,KGZ,2010,2.816614306
Kyrgyzstan,KGZ,2011,0.908763345
Kyrgyzstan,KGZ,2012,2.482169046
Kyrgyzstan,KGZ,2013,2.224236246
Kyrgyzstan,KGZ,2014,0.863498743
Kyrgyzstan,KGZ,2015,1.833472708
Kyrgyzstan,KGZ,2016,1.005342581
Kyrgyzstan,KGZ,2017,1.08261833
Kyrgyzstan,KGZ,2018,0.569818383
Kyrgyzstan,KGZ,2019,0.555332126
Kyrgyzstan,KGZ,2020,1.081731584
Laos,LAO,1992,31.11490183
Laos,LAO,1997,50.74827947
Laos,LAO,2002,32.08483646
Laos,LAO,2007,25.72820763
Laos,LAO,2012,14.51341807
Laos,LAO,2018,9.983088582
Latin America and the Caribbean,,1981,13.83947542
Latin America and the Caribbean,,1982,14.49624941
Latin America and the Caribbean,,1983,17.24563126
Latin America and the Caribbean,,1984,16.98720569
Latin America and the Caribbean,,1985,15.8040392
Latin America and the Caribbean,,1986,11.42523191
Latin America and the Caribbean,,1987,14.00033376
Latin America and the Caribbean,,1988,14.97940266
Latin America and the Caribbean,,1989,14.43519331
Latin America and the Caribbean,,1990,15.56861134
Latin America and the Caribbean,,1991,14.6972364
Latin America and the Caribbean,,1992,14.73493241
Latin America and the Caribbean,,1993,14.59062423
Latin America and the Caribbean,,1994,13.51689207
Latin America and the Caribbean,,1995,13.57347893
Latin America and the Caribbean,,1996,15.30487085
Latin America and the Caribbean,,1997,14.4289741
Latin America and the Caribbean,,1998,13.70554841
Latin America and the Caribbean,,1999,13.8706919
Latin America and the Caribbean,,2000,12.78205308
Latin America and the Caribbean,,2001,12.54255786
Latin America and the Caribbean,,2002,11.89708109
Latin America and the Caribbean,,2003,11.42362731
Latin America and the Caribbean,,2004,10.36104314
Latin America and the Caribbean,,2005,9.794789164
Latin America and the Caribbean,,2006,7.973993894
Latin America and the Caribbean,,2007,7.562401624
Latin America and the Caribbean,,2008,7.062287905
Latin America and the Caribbean,,2009,6.678796485
Latin America and the Caribbean,,2010,6.056748817
Latin America and the Caribbean,,2011,5.596964939
Latin America and the Caribbean,,2012,4.706389582
Latin America and the Caribbean,,2013,4.222811753
Latin America and the Caribbean,,2014,3.950112751
Latin America and the Caribbean,,2015,3.889227457
Latin America and the Caribbean,,2016,4.088570535
Latin America and the Caribbean,,2017,4.062818447
Latin America and the Caribbean,,2018,3.982390785
Latin America and the Caribbean,,2019,4.056478594
Latvia,LVA,1993,0
Latvia,LVA,1995,0
Latvia,LVA,1996,1.526984768
Latvia,LVA,1997,2.032222353
Latvia,LVA,1998,1.620405731
Latvia,LVA,2002,0.617379462
Latvia,LVA,2003,0.537755684
Latvia,LVA,2004,0.252329901
Latvia,LVA,2005,2.25085565
Latvia,LVA,2006,1.452676185
Latvia,LVA,2007,0.021305429
Latvia,LVA,2008,0.027127187
Latvia,LVA,2009,0.292519634
Latvia,LVA,2010,1.636014606
Latvia,LVA,2011,0.966698041
Latvia,LVA,2012,1.031883075
Latvia,LVA,2013,1.138761876
Latvia,LVA,2014,0.791355906
Latvia,LVA,2015,0.616250893
Latvia,LVA,2016,0.633057062
Latvia,LVA,2017,0.75205442
Latvia,LVA,2018,0.341955162
Latvia,LVA,2019,0.239100797
Lebanon,LBN,2011,0
Lesotho,LSO,1986,49.64866194
Lesotho,LSO,1994,50.45544554
Lesotho,LSO,2002,61.93714753
Lesotho,LSO,2017,27.22401508
Liberia,LBR,2007,71.38499175
Liberia,LBR,2014,41.7198966
Liberia,LBR,2016,44.43256983
Lithuania,LTU,1993,6.605994554
Lithuania,LTU,1996,0
Lithuania,LTU,1998,0.322596471
Lithuania,LTU,1999,0.29311337
Lithuania,LTU,2000,0.245241753
Lithuania,LTU,2001,0.578524742
Lithuania,LTU,2002,0.472141243
Lithuania,LTU,2003,0.194675954
Lithuania,LTU,2004,0.092465658
Lithuania,LTU,2005,1.781726799
Lithuania,LTU,2006,1.523017096
Lithuania,LTU,2007,1.339564432
Lithuania,LTU,2008,0.149395424
Lithuania,LTU,2009,2.243250605
Lithuania,LTU,2010,1.534339919
Lithuania,LTU,2011,0.700575077
Lithuania,LTU,2012,0.947792582
Lithuania,LTU,2013,0.705008152
Lithuania,LTU,2014,1.262025983
Lithuania,LTU,2015,0.719858604
Lithuania,LTU,2016,1.270505922
Lithuania,LTU,2017,1.022507264
Lithuania,LTU,2018,0.925013653
Lithuania,LTU,2019,0.547929656
Luxembourg,LUX,1985,0
Luxembourg,LUX,1991,0
Luxembourg,LUX,1994,0
Luxembourg,LUX,1997,0
Luxembourg,LUX,2000,0
Luxembourg,LUX,2003,0.07174669
Luxembourg,LUX,2004,0.018192331
Luxembourg,LUX,2005,0.03469405
Luxembourg,LUX,2006,0
Luxembourg,LUX,2007,0.021916224
Luxembourg,LUX,2008,0
Luxembourg,LUX,2009,0.044111023
Luxembourg,LUX,2010,0
Luxembourg,LUX,2011,0.117579345
Luxembourg,LUX,2012,0.043618946
Luxembourg,LUX,2013,0.08910331
Luxembourg,LUX,2014,0.139924913
Luxembourg,LUX,2015,0.300124523
Luxembourg,LUX,2016,0.117219513
Luxembourg,LUX,2017,0.283129861
Luxembourg,LUX,2018,0.284817859
Luxembourg,LUX,2019,0.101187471
Madagascar,MDG,1980,45.75424733
Madagascar,MDG,1993,69.94560759
Madagascar,MDG,1997,66.42858007
Madagascar,MDG,1999,63.91705564
Madagascar,MDG,2001,68.41718097
Madagascar,MDG,2005,71.71954759
Madagascar,MDG,2010,78.17717362
Madagascar,MDG,2012,78.84056614
Malawi,MWI,1997,62.43081326
Malawi,MWI,2004,72.52845419
Malawi,MWI,2010,71.10365025
Malawi,MWI,2016,69.20983317
Malawi,MWI,2019,73.52389226
Malaysia,MYS,1984,2.890283203
Malaysia,MYS,1987,2.133598633
Malaysia,MYS,1989,1.633210449
Malaysia,MYS,1992,1.279277344
Malaysia,MYS,1995,1.767460937
Malaysia,MYS,1997,0.40664917
Malaysia,MYS,2003,1.227610568
Malaysia,MYS,2006,0.597192879
Malaysia,MYS,2008,0.553865554
Malaysia,MYS,2011,0.110371812
Malaysia,MYS,2013,0.02559008
Malaysia,MYS,2015,0.011964607
Maldives,MDV,2002,6.510924995
Maldives,MDV,2009,3.452558689
Maldives,MDV,2016,0
Maldives,MDV,2019,0
Mali,MLI,1994,85.29561212
Mali,MLI,2001,58.81381109
Mali,MLI,2006,52.11077484
Mali,MLI,2009,50.29222861
Mali,MLI,2018,16.33058538
Malta,MLT,2006,0.449012144
Malta,MLT,2007,0.410324362
Malta,MLT,2008,0.109011512
Malta,MLT,2009,0.359273528
Malta,MLT,2010,0.193683039
Malta,MLT,2011,0.1857052
Malta,MLT,2012,0.11772207
Malta,MLT,2013,0.029666145
Malta,MLT,2014,0
Malta,MLT,2015,0.084377965
Malta,MLT,2016,0.092087107
Malta,MLT,2017,0.159886508
Malta,MLT,2018,0.103380613
Malta,MLT,2019,0.304681779
Marshall Islands,MHL,2019,0.808378354
Mauritania,MRT,1987,40.03980963
Mauritania,MRT,1993,41.13946777
Mauritania,MRT,1995,20.61819696
Mauritania,MRT,2000,20.40822218
Mauritania,MRT,2004,16.89853126
Mauritania,MRT,2008,10.89936445
Mauritania,MRT,2014,5.965122506
Mauritius,MUS,2006,0.428235876
Mauritius,MUS,2012,0.55453722
Mauritius,MUS,2017,0.20992926
Mexico,MEX,1984,8.340373908
Mexico,MEX,1989,9.104906536
Mexico,MEX,1992,7.413409674
Mexico,MEX,1994,7.458756702
Mexico,MEX,1996,18.13775961
Mexico,MEX,1998,12.90833697
Mexico,MEX,2000,8.984585024
Mexico,MEX,2002,6.612133691
Mexico,MEX,2004,5.966101417
Mexico,MEX,2005,6.567789067
Mexico,MEX,2006,4.1594896
Mexico,MEX,2008,5.406639651
Mexico,MEX,2010,4.522990168
Mexico,MEX,2012,3.839893383
Mexico,MEX,2014,3.721553291
Mexico,MEX,2016,3.23101414
Mexico,MEX,2018,2.653852804
Mexico,MEX,2020,3.111426905
Micronesia (country),FSM,2005,8.080606188
Micronesia (country),FSM,2013,15.39292183
Micronesia (country) - urban,,2000,42.25070716
Middle East and North Africa,,1985,8.153926564
Middle East and North Africa,,1986,8.276916605
Middle East and North Africa,,1987,8.250434171
Middle East and North Africa,,1988,8.228985337
Middle East and North Africa,,1989,8.050463217
Middle East and North Africa,,1990,6.347324877
Middle East and North Africa,,1991,10.00417842
Middle East and North Africa,,1992,8.015618728
Middle East and North Africa,,1993,6.563551789
Middle East and North Africa,,1994,6.328034394
Middle East and North Africa,,1995,6.550302849
Middle East and North Africa,,1996,5.859565056
Middle East and North Africa,,1997,5.036336189
Middle East and North Africa,,1998,4.091674055
Middle East and North Africa,,1999,3.746469609
Middle East and North Africa,,2000,3.357333763
Middle East and North Africa,,2001,3.366803056
Middle East and North Africa,,2003,4.203689799
Middle East and North Africa,,2004,3.288817519
Middle East and North Africa,,2005,3.075569662
Middle East and North Africa,,2006,2.922430582
Middle East and North Africa,,2007,2.83987391
Middle East and North Africa,,2008,2.722940227
Middle East and North Africa,,2009,2.485312977
Middle East and North Africa,,2010,2.065443953
Middle East and North Africa,,2011,2.285164203
Middle East and North Africa,,2012,2.175953743
Middle East and North Africa,,2013,2.220096442
Middle East and North Africa,,2014,2.618633064
Middle East and North Africa,,2015,4.758132141
Middle East and North Africa,,2016,5.337828451
Middle East and North Africa,,2017,5.965677547
Middle East and North Africa,,2018,7.50496671
Moldova,MDA,1997,15.35819436
Moldova,MDA,1998,26.88974222
Moldova,MDA,1999,37.98551526
Moldova,MDA,2000,35.085942
Moldova,MDA,2001,26.93625028
Moldova,MDA,2002,16.07733466
Moldova,MDA,2003,7.37109467
Moldova,MDA,2004,8.393498699
Moldova,MDA,2005,13.2153213
Moldova,MDA,2006,2.374710125
Moldova,MDA,2007,1.084118074
Moldova,MDA,2008,1.247058747
Moldova,MDA,2009,0.992604826
Moldova,MDA,2010,0.51149055
Moldova,MDA,2011,0.270535524
Moldova,MDA,2012,0.339807506
Moldova,MDA,2013,0.084809724
Moldova,MDA,2014,0
Moldova,MDA,2015,0.031209244
Moldova,MDA,2016,0.164890035
Moldova,MDA,2017,0.061244411
Moldova,MDA,2018,0.018238723
Moldova,MDA,2019,0.028645139
Mongolia,MNG,1995,12.11695312
Mongolia,MNG,1998,24.42413575
Mongolia,MNG,2002,9.480085229
Mongolia,MNG,2007,1.212802852
Mongolia,MNG,2010,0.732260375
Mongolia,MNG,2011,0.5045542
Mongolia,MNG,2012,0.352531156
Mongolia,MNG,2014,0.210930194
Mongolia,MNG,2016,0.470293049
Mongolia,MNG,2018,0.494517099
Montenegro,MNE,2005,0.228418403
Montenegro,MNE,2006,0
Montenegro,MNE,2007,0.360645065
Montenegro,MNE,2008,0.187791985
Montenegro,MNE,2009,0
Montenegro,MNE,2010,0
Montenegro,MNE,2011,0.211241748
Montenegro,MNE,2012,1.2642962
Montenegro,MNE,2013,1.038303633
Montenegro,MNE,2014,0
Montenegro,MNE,2015,1.421318299
Montenegro,MNE,2016,2.504603721
Montenegro,MNE,2017,3.369708662
Montenegro,MNE,2018,2.882811634
Morocco,MAR,1984,10.60943332
Morocco,MAR,1990,2.937276771
Morocco,MAR,1998,6.366716333
Morocco,MAR,2000,5.827486575
Morocco,MAR,2006,2.974436333
Morocco,MAR,2013,0.923188321
Mozambique,MOZ,1996,81.97079426
Mozambique,MOZ,2002,79.81404664
Mozambique,MOZ,2008,69.65290274
Mozambique,MOZ,2014,63.68098597
Myanmar,MMR,2015,4.765627434
Myanmar,MMR,2017,1.364025788
Namibia,NAM,1993,51.55974771
Namibia,NAM,2003,32.59264299
Namibia,NAM,2009,23.47462817
Namibia,NAM,2015,13.78939829
Nauru,NRU,2012,0.891888874
Nepal,NPL,1984,78.22689987
Nepal,NPL,1995,66.02922889
Nepal,NPL,2003,49.90263142
Nepal,NPL,2010,14.98875094
Netherlands,NLD,1983,0.458280173
Netherlands,NLD,1987,0.249448253
Netherlands,NLD,1990,0.95273079
Netherlands,NLD,1993,0.971405591
Netherlands,NLD,1999,0.202898304
Netherlands,NLD,2004,0.235875658
Netherlands,NLD,2005,0.148320041
Netherlands,NLD,2006,0.045792856
Netherlands,NLD,2007,0.028631331
Netherlands,NLD,2008,0.133608954
Netherlands,NLD,2009,0.110770101
Netherlands,NLD,2010,0.047438907
Netherlands,NLD,2011,0.096053095
Netherlands,NLD,2012,0.075842192
Netherlands,NLD,2013,0.08687879
Netherlands,NLD,2014,0.057712958
Netherlands,NLD,2015,0.052777186
Netherlands,NLD,2016,0.045917113
Netherlands,NLD,2017,0.188766229
Netherlands,NLD,2018,0.099795787
Netherlands,NLD,2019,0.095728705
Nicaragua,NIC,1993,21.77827702
Nicaragua,NIC,1998,15.79274554
Nicaragua,NIC,2001,17.55998939
Nicaragua,NIC,2005,16.01914119
Nicaragua,NIC,2009,7.417797566
Nicaragua,NIC,2014,3.408287921
Niger,NER,1992,78.54653564
Niger,NER,1994,81.62136518
Niger,NER,2005,75.27030633
Niger,NER,2007,72.35633926
Niger,NER,2011,50.63859179
Niger,NER,2014,45.39609138
Niger,NER,2018,41.35425171
Nigeria,NGA,1985,55.50463712
Nigeria,NGA,1992,58.56852503
Nigeria,NGA,1996,64.87584723
Nigeria,NGA,2003,55.93753312
Nigeria,NGA,2010,43.53782374
Nigeria,NGA,2012,42.48774438
Nigeria,NGA,2015,40.748761
Nigeria,NGA,2018,39.08520869
North Macedonia,MKD,1998,1.181069631
North Macedonia,MKD,2000,5.217662565
North Macedonia,MKD,2002,1.456554849
North Macedonia,MKD,2003,1.250735945
North Macedonia,MKD,2004,0.765934068
North Macedonia,MKD,2005,1.607562247
North Macedonia,MKD,2006,2.889900773
North Macedonia,MKD,2008,0.63659594
North Macedonia,MKD,2009,9.789037327
North Macedonia,MKD,2010,10.44822688
North Macedonia,MKD,2011,9.087074613
North Macedonia,MKD,2012,6.912791773
North Macedonia,MKD,2013,5.225698457
North Macedonia,MKD,2014,4.525774108
North Macedonia,MKD,2015,5.538925882
North Macedonia,MKD,2016,4.330195232
North Macedonia,MKD,2017,4.555062317
North Macedonia,MKD,2018,3.398556348
Norway,NOR,1979,0.227521223
Norway,NOR,1986,0.244875933
Norway,NOR,1991,0.239436635
Norway,NOR,1995,0.223568915
Norway,NOR,2000,0.235081829
Norway,NOR,2003,0.191241664
Norway,NOR,2004,0.264844873
Norway,NOR,2005,0.20196272
Norway,NOR,2006,0.130996374
Norway,NOR,2007,0.111966034
Norway,NOR,2008,0.226725491
Norway,NOR,2009,0.059271352
Norway,NOR,2010,0.150988138
Norway,NOR,2011,0.085772303
Norway,NOR,2012,0.117306812
Norway,NOR,2013,0.130435583
Norway,NOR,2014,0.112921229
Norway,NOR,2015,0.147783949
Norway,NOR,2016,0.250659774
Norway,NOR,2017,0.251493986
Norway,NOR,2018,0.254461298
Norway,NOR,2019,0.156533964
Pakistan,PAK,1987,64.11394068
Pakistan,PAK,1990,60.63177587
Pakistan,PAK,1996,18.28707104
Pakistan,PAK,1998,25.44144962
Pakistan,PAK,2001,28.23665598
Pakistan,PAK,2004,16.71347424
Pakistan,PAK,2005,16.64625581
Pakistan,PAK,2007,11.88622713
Pakistan,PAK,2010,7.363489824
Pakistan,PAK,2011,7.233249494
Pakistan,PAK,2013,5.720507769
Pakistan,PAK,2015,3.762289694
Pakistan,PAK,2018,3.588301903
Palestine,PSE,2004,0.750419618
Palestine,PSE,2005,0.728180659
Palestine,PSE,2006,0.31365531
Palestine,PSE,2007,1.473567201
Palestine,PSE,2009,0.296666226
Palestine,PSE,2010,0.174921165
Palestine,PSE,2011,0.189039682
Palestine,PSE,2016,0.828049078
Panama,PAN,1979,8.131357976
Panama,PAN,1989,23.92415383
Panama,PAN,1991,21.86823455
Panama,PAN,1995,16.27522164
Panama,PAN,1997,15.00759111
Panama,PAN,1998,15.1551622
Panama,PAN,1999,13.39096342
Panama,PAN,2000,12.25584795
Panama,PAN,2001,15.38264839
Panama,PAN,2002,11.0839741
Panama,PAN,2003,11.11434794
Panama,PAN,2004,10.12235526
Panama,PAN,2005,9.942421299
Panama,PAN,2006,10.5074894
Panama,PAN,2007,7.773456989
Panama,PAN,2008,5.214043252
Panama,PAN,2009,3.166969048
Panama,PAN,2010,4.4862238
Panama,PAN,2011,3.040324616
Panama,PAN,2012,4.122858783
Panama,PAN,2013,2.786487378
Panama,PAN,2014,3.510894227
Panama,PAN,2015,1.978922545
Panama,PAN,2016,2.195649874
Panama,PAN,2017,2.523109721
Panama,PAN,2018,1.703650224
Panama,PAN,2019,1.217728731
Papua New Guinea,PNG,1996,50.9068534
Papua New Guinea,PNG,2009,38.03236597
Paraguay,PRY,1990,1.045250561
Paraguay,PRY,1995,11.85208532
Paraguay,PRY,1997,10.3510901
Paraguay,PRY,1999,9.898870175
Paraguay,PRY,2001,8.552267088
Paraguay,PRY,2002,12.7567277
Paraguay,PRY,2003,7.788655772
Paraguay,PRY,2004,5.374691824
Paraguay,PRY,2005,5.847530563
Paraguay,PRY,2006,7.568824997
Paraguay,PRY,2007,7.435413007
Paraguay,PRY,2008,3.916612415
Paraguay,PRY,2009,5.436685646
Paraguay,PRY,2010,5.193764531
Paraguay,PRY,2011,4.627579832
Paraguay,PRY,2012,3.174784584
Paraguay,PRY,2013,1.676092473
Paraguay,PRY,2014,2.219048999
Paraguay,PRY,2015,1.709740844
Paraguay,PRY,2016,1.518427522
Paraguay,PRY,2017,0.887626599
Paraguay,PRY,2018,1.313046779
Paraguay,PRY,2019,0.949349781
Paraguay,PRY,2020,0.763594998
Peru,PER,1985,2.689431983
Peru,PER,1994,14.73095187
Peru,PER,1997,17.3489787
Peru,PER,1998,16.43825444
Peru,PER,1999,17.04066709
Peru,PER,2000,16.3558146
Peru,PER,2001,17.34735586
Peru,PER,2002,15.07595297
Peru,PER,2003,11.95407589
Peru,PER,2004,13.5515814
Peru,PER,2005,15.44084895
Peru,PER,2006,13.45308824
Peru,PER,2007,11.11438451
Peru,PER,2008,9.069934587
Peru,PER,2009,7.053443811
Peru,PER,2010,5.504722676
Peru,PER,2011,5.214890175
Peru,PER,2012,4.799849933
Peru,PER,2013,4.353123831
Peru,PER,2014,3.720301102
Peru,PER,2015,3.634325263
Peru,PER,2016,3.520882637
Peru,PER,2017,3.410177253
Peru,PER,2018,2.687767312
Peru,PER,2019,2.24516323
Peru,PER,2020,4.432615089
Philippines,PHL,1985,27.79319654
Philippines,PHL,1988,24.82527343
Philippines,PHL,1991,26.3183935
Philippines,PHL,1994,24.73112422
Philippines,PHL,1997,17.4205831
Philippines,PHL,2000,14.31957255
Philippines,PHL,2003,12.93934459
Philippines,PHL,2006,14.44711172
Philippines,PHL,2009,10.44965604
Philippines,PHL,2012,11.82541112
Philippines,PHL,2015,7.785622998
Philippines,PHL,2018,4.659349574
Poland,POL,1985,0.186966553
Poland,POL,1986,0.245606863
Poland,POL,1987,0.138148193
Poland,POL,1989,0.089329834
Poland,POL,1992,0.223611566
Poland,POL,1993,0.138148193
Poland,POL,1995,1.490153898
Poland,POL,1996,2.420406494
Poland,POL,1998,0.024206667
Poland,POL,1999,0.062142233
Poland,POL,2000,0.114363447
Poland,POL,2001,0.075502099
Poland,POL,2002,0.03914882
Poland,POL,2003,0.039411014
Poland,POL,2004,0.097891445
Poland,POL,2005,0.138061238
Poland,POL,2006,0.022598234
Poland,POL,2007,0.018101683
Poland,POL,2008,0.012630832
Poland,POL,2009,0.015364228
Poland,POL,2010,0
Poland,POL,2011,0.01667808
Poland,POL,2012,0.019103203
Poland,POL,2013,0.003894207
Poland,POL,2014,0.002294293
Poland,POL,2015,0
Poland,POL,2016,0.004540368
Poland,POL,2017,0
Poland,POL,2018,0.001892668
Poland,POL,2019,0
Portugal,PRT,2003,0.895896368
Portugal,PRT,2004,0.480640155
Portugal,PRT,2005,0.533292715
Portugal,PRT,2006,0.092665896
Portugal,PRT,2007,0.257713543
Portugal,PRT,2008,0.137252394
Portugal,PRT,2009,0.165896615
Portugal,PRT,2010,0.136459831
Portugal,PRT,2011,0.501351202
Portugal,PRT,2012,0.65542994
Portugal,PRT,2013,0.820291935
Portugal,PRT,2014,0.52743947
Portugal,PRT,2015,0.482394234
Portugal,PRT,2016,0.374637015
Portugal,PRT,2017,0.410495999
Portugal,PRT,2018,0.289628573
Portugal,PRT,2019,0.148720617
Romania,ROU,1989,0.266296387
Romania,ROU,1992,0.504285889
Romania,ROU,1994,7.552436523
Romania,ROU,1995,1.498728906
Romania,ROU,1997,1.996086771
Romania,ROU,1998,1.376507127
Romania,ROU,1999,4.390810661
Romania,ROU,2000,5.369290972
Romania,ROU,2001,3.832408847
Romania,ROU,2002,4.006035409
Romania,ROU,2003,2.587291575
Romania,ROU,2004,1.834033973
Romania,ROU,2005,1.445447358
Romania,ROU,2006,1.578805924
Romania,ROU,2007,0
Romania,ROU,2008,0
Romania,ROU,2009,0
Romania,ROU,2010,0
Romania,ROU,2011,0
Romania,ROU,2012,0
Romania,ROU,2013,0
Romania,ROU,2014,6.531065579
Romania,ROU,2015,4.557598192
Romania,ROU,2016,0
Romania,ROU,2017,3.072256214
Romania,ROU,2018,0
Romania,ROU,2019,2.041412215
Russia,RUS,1993,3.711311095
Russia,RUS,1996,4.823218124
Russia,RUS,1997,1.595461979
Russia,RUS,1998,2.382939566
Russia,RUS,1999,4.549118377
Russia,RUS,2000,3.092596445
Russia,RUS,2001,1.835456762
Russia,RUS,2002,1.069931162
Russia,RUS,2003,1.140155076
Russia,RUS,2004,1.039113644
Russia,RUS,2005,0.820023916
Russia,RUS,2006,0.463043757
Russia,RUS,2007,0.212211783
Russia,RUS,2008,0.097086193
Russia,RUS,2009,0.071077392
Russia,RUS,2010,0.087529299
Russia,RUS,2011,0.03983736
Russia,RUS,2012,0.034083027
Russia,RUS,2013,0.009683416
Russia,RUS,2014,0.021605947
Russia,RUS,2015,0.037681505
Russia,RUS,2016,0.029213405
Russia,RUS,2017,0.043294232
Russia,RUS,2018,0.031218831
Russia,RUS,2019,0.031180407
Russia,RUS,2020,0.010164272
Rwanda,RWA,2000,78.00210668
Rwanda,RWA,2005,69.12612072
Rwanda,RWA,2010,63.20037264
Rwanda,RWA,2013,57.89734689
Rwanda,RWA,2016,56.51602811
Rwanda - rural,,1984,64.30466806
Saint Lucia,LCA,1995,34.67940985
Saint Lucia,LCA,2016,4.580246193
Samoa,WSM,2002,2.044596352
Samoa,WSM,2008,0.620333645
Samoa,WSM,2013,1.139947943
Sao Tome and Principe,STP,2000,31.37912571
Sao Tome and Principe,STP,2010,34.59329354
Sao Tome and Principe,STP,2017,25.55690679
Senegal,SEN,1991,68.36891629
Senegal,SEN,1994,57.43259521
Senegal,SEN,2001,49.48776605
Senegal,SEN,2005,38.29408803
Senegal,SEN,2011,38.52779256
Senegal,SEN,2018,7.602273342
Serbia,SRB,2002,0.127998485
Serbia,SRB,2003,0.380461456
Serbia,SRB,2004,0.796668478
Serbia,SRB,2005,0.78774031
Serbia,SRB,2006,0.47052858
Serbia,SRB,2007,0.369309026
Serbia,SRB,2008,0.111986023
Serbia,SRB,2009,0.144501787
Serbia,SRB,2010,0.097779403
Serbia,SRB,2012,5.340190966
Serbia,SRB,2013,0.225479005
Serbia,SRB,2014,6.935420035
Serbia,SRB,2015,0.071719055
Serbia,SRB,2016,6.3563869
Serbia,SRB,2017,5.405214004
Serbia,SRB,2018,0.03704303
Serbia,SRB,2019,0.045231834
Seychelles,SYC,1999,0.758265089
Seychelles,SYC,2006,0.372481956
Seychelles,SYC,2013,1.152610134
Seychelles,SYC,2018,0.452685122
Sierra Leone,SLE,1989,72.89581055
Sierra Leone,SLE,2003,73.01610126
Sierra Leone,SLE,2011,54.67069152
Sierra Leone,SLE,2018,42.99102162
Slovakia,SVK,1992,0
Slovakia,SVK,1996,1.24421773
Slovakia,SVK,2004,0.075020547
Slovakia,SVK,2005,0.045546016
Slovakia,SVK,2006,0
Slovakia,SVK,2007,0
Slovakia,SVK,2008,0
Slovakia,SVK,2009,0
Slovakia,SVK,2010,0.495107889
Slovakia,SVK,2011,0.423860768
Slovakia,SVK,2012,0.313028364
Slovakia,SVK,2013,0.281499278
Slovakia,SVK,2014,0.629044565
Slovakia,SVK,2015,0.661759802
Slovakia,SVK,2016,1.331123208
Slovakia,SVK,2017,0.189512255
Slovakia,SVK,2018,0.169457073
Slovakia,SVK,2019,0.099994065
Slovenia,SVN,1987,0.016102295
Slovenia,SVN,1993,0.040511475
Slovenia,SVN,1997,0
Slovenia,SVN,1998,0.028306885
Slovenia,SVN,1999,0
Slovenia,SVN,2002,0
Slovenia,SVN,2003,0
Slovenia,SVN,2004,0.025957223
Slovenia,SVN,2005,0.093543999
Slovenia,SVN,2006,0.050460541
Slovenia,SVN,2007,0.032348869
Slovenia,SVN,2008,0
Slovenia,SVN,2009,0
Slovenia,SVN,2010,0.009157745
Slovenia,SVN,2011,0
Slovenia,SVN,2012,0.026254447
Slovenia,SVN,2013,0.021756855
Slovenia,SVN,2014,0
Slovenia,SVN,2015,0.004852958
Slovenia,SVN,2016,0
Slovenia,SVN,2017,0
Slovenia,SVN,2018,0
Slovenia,SVN,2019,0
Solomon Islands,SLB,2005,48.62968219
Solomon Islands,SLB,2012,24.65794899
Somalia,SOM,2017,68.61574593
South Africa,ZAF,1993,31.47637524
South Africa,ZAF,2000,34.77015719
South Africa,ZAF,2005,25.67752281
South Africa,ZAF,2008,16.74199246
South Africa,ZAF,2010,16.1724069
South Africa,ZAF,2014,18.69920667
South Asia,,1981,58.17930011
South Asia,,1982,57.81315246
South Asia,,1983,56.09849863
South Asia,,1984,54.50087501
South Asia,,1985,53.13107139
South Asia,,1986,52.3768794
South Asia,,1987,51.74790694
South Asia,,1988,50.41060885
South Asia,,1989,49.89153597
South Asia,,1990,49.519562
South Asia,,1991,48.86622982
South Asia,,1992,47.11878836
South Asia,,1993,45.98645317
South Asia,,1994,45.16239325
South Asia,,1995,43.32853978
South Asia,,1996,41.9850478
South Asia,,2002,39.6337742
South Asia,,2003,38.51359268
South Asia,,2004,36.79228544
South Asia,,2005,34.92872814
South Asia,,2006,33.51559435
South Asia,,2007,31.75343624
South Asia,,2008,30.38338942
South Asia,,2009,29.29095845
South Asia,,2010,26.11683205
South Asia,,2011,21.41961216
South Asia,,2012,19.68857552
South Asia,,2013,18.87590718
South Asia,,2014,17.92187611
South Asia,,2015,16.67861124
South Asia,,2016,15.77633515
South Asia,,2017,12.57485162
South Asia,,2018,9.966035843
South Asia,,2019,8.432238599
South Korea,KOR,2006,0.249442343
South Korea,KOR,2008,0.242759109
South Korea,KOR,2010,0.495899722
South Korea,KOR,2012,0.249280626
South Korea,KOR,2014,0.235642859
South Korea,KOR,2016,0.226665143
South Sudan,SSD,2009,44.87714019
South Sudan,SSD,2016,76.50378291
Spain,ESP,1980,0.496926791
Spain,ESP,1985,0.237315547
Spain,ESP,1990,0.494426503
Spain,ESP,1995,1.244829405
Spain,ESP,2000,0.487381555
Spain,ESP,2003,0.818737117
Spain,ESP,2004,0.841093843
Spain,ESP,2005,0.75842198
Spain,ESP,2006,0.769631769
Spain,ESP,2007,0.41055658
Spain,ESP,2008,0.530408224
Spain,ESP,2009,0.812904933
Spain,ESP,2010,0.682666381
Spain,ESP,2011,1.144436046
Spain,ESP,2012,0.948958839
Spain,ESP,2013,1.156779626
Spain,ESP,2014,0.840232
Spain,ESP,2015,0.941483474
Spain,ESP,2016,1.169434227
Spain,ESP,2017,0.687756833
Spain,ESP,2018,0.877457535
Spain,ESP,2019,0.794860928
Sri Lanka,LKA,1985,14.09409668
Sri Lanka,LKA,1990,9.301689544
Sri Lanka,LKA,1995,9.510782337
Sri Lanka,LKA,2002,8.760296536
Sri Lanka,LKA,2006,4.416729988
Sri Lanka,LKA,2009,2.833252282
Sri Lanka,LKA,2012,1.907302033
Sri Lanka,LKA,2016,0.945369144
Sub-Saharan Africa,,1990,55.07563781
Sub-Saharan Africa,,1991,56.8151464
Sub-Saharan Africa,,1992,58.32996052
Sub-Saharan Africa,,1993,59.71923852
Sub-Saharan Africa,,1994,60.23463545
Sub-Saharan Africa,,1995,59.662444
Sub-Saharan Africa,,1996,58.68600796
Sub-Saharan Africa,,1997,58.46703257
Sub-Saharan Africa,,1998,58.3842953
Sub-Saharan Africa,,1999,58.24989289
Sub-Saharan Africa,,2000,57.82693769
Sub-Saharan Africa,,2001,57.12982431
Sub-Saharan Africa,,2002,56.15809758
Sub-Saharan Africa,,2003,55.15023253
Sub-Saharan Africa,,2004,52.72574151
Sub-Saharan Africa,,2005,51.0837866
Sub-Saharan Africa,,2006,49.85326652
Sub-Saharan Africa,,2007,48.68353921
Sub-Saharan Africa,,2008,47.37936518
Sub-Saharan Africa,,2009,47.04798916
Sub-Saharan Africa,,2010,45.28043095
Sub-Saharan Africa,,2011,44.15232802
Sub-Saharan Africa,,2012,43.5147697
Sub-Saharan Africa,,2013,42.52108193
Sub-Saharan Africa,,2014,41.36691847
Sub-Saharan Africa,,2015,41.33638822
Sub-Saharan Africa,,2016,40.85742636
Sub-Saharan Africa,,2017,39.97746018
Sub-Saharan Africa,,2018,38.93355973
Sub-Saharan Africa,,2019,38.33151171
Sudan,SDN,2009,15.69981404
Sudan,SDN,2014,12.1639682
Suriname - urban,,1999,21.13341204
Sweden,SWE,1967,7.7401383
Sweden,SWE,1975,0.498986708
Sweden,SWE,1981,0.24968058
Sweden,SWE,1987,0.246255298
Sweden,SWE,1992,0.243513199
Sweden,SWE,1995,0.247249126
Sweden,SWE,2000,0
Sweden,SWE,2003,0.323709625
Sweden,SWE,2004,0.384269365
Sweden,SWE,2005,1.036495116
Sweden,SWE,2006,0.345483669
Sweden,SWE,2007,0.410839168
Sweden,SWE,2008,0.552794113
Sweden,SWE,2009,0.428063631
Sweden,SWE,2010,0.490842871
Sweden,SWE,2011,0.532460232
Sweden,SWE,2012,0.457002129
Sweden,SWE,2013,0.637083788
Sweden,SWE,2014,0.466076762
Sweden,SWE,2015,0.438251445
Sweden,SWE,2016,0.261452654
Sweden,SWE,2017,0.248349956
Sweden,SWE,2018,0.693378395
Sweden,SWE,2019,0.268518135
Switzerland,CHE,1982,0.697407075
Switzerland,CHE,1992,0.494562942
Switzerland,CHE,2000,0
Switzerland,CHE,2002,0
Switzerland,CHE,2006,0.046570357
Switzerland,CHE,2007,0.0208164
Switzerland,CHE,2008,0.068479605
Switzerland,CHE,2009,0.038057731
Switzerland,CHE,2010,0.048670206
Switzerland,CHE,2011,0.003111316
Switzerland,CHE,2012,0.008965495
Switzerland,CHE,2013,0.042183743
Switzerland,CHE,2014,0.032768064
Switzerland,CHE,2015,0.030542556
Switzerland,CHE,2016,0.034275332
Switzerland,CHE,2017,0
Switzerland,CHE,2018,0.030503981
Syria,SYR,1996,2.105334593
Syria,SYR,2003,0.899616841
Taiwan,TWN,1981,0
Taiwan,TWN,1986,0
Taiwan,TWN,1991,0
Taiwan,TWN,1995,0.247220525
Taiwan,TWN,1997,0
Taiwan,TWN,2000,0
Taiwan,TWN,2005,0
Taiwan,TWN,2007,0
Taiwan,TWN,2010,0
Taiwan,TWN,2013,0
Taiwan,TWN,2016,0
Tajikistan,TJK,1999,50.70492737
Tajikistan,TJK,2003,27.00710464
Tajikistan,TJK,2004,13.26891907
Tajikistan,TJK,2007,9.228641964
Tajikistan,TJK,2009,3.953321536
Tajikistan,TJK,2015,4.120718455
Tanzania,TZA,1991,72.32689077
Tanzania,TZA,2000,86.23008406
Tanzania,TZA,2007,60.2509562
Tanzania,TZA,2011,49.6379766
Tanzania,TZA,2018,49.36505667
Thailand,THA,1981,19.31766113
Thailand,THA,1988,14.04527832
Thailand,THA,1990,9.165595963
Thailand,THA,1992,6.555704708
Thailand,THA,1994,3.131199339
Thailand,THA,1996,2.183694468
Thailand,THA,1998,1.454577324
Thailand,THA,1999,2.537322038
Thailand,THA,2000,2.40171066
Thailand,THA,2002,1.110568559
Thailand,THA,2004,0.724548517
Thailand,THA,2006,0.677813131
Thailand,THA,2007,0.335700823
Thailand,THA,2008,0.138284088
Thailand,THA,2009,0.167989715
Thailand,THA,2010,0.132868787
Thailand,THA,2011,0.044067219
Thailand,THA,2012,0.056059999
Thailand,THA,2013,0.03922005
Thailand,THA,2014,0.032229663
Thailand,THA,2015,0.025625137
Thailand,THA,2016,0.027270742
Thailand,THA,2017,0.029847583
Thailand,THA,2018,0.024062225
Thailand,THA,2019,0.078892029
Thailand,THA,2020,0.043488006
Timor,TLS,2001,38.5255835
Timor,TLS,2007,37.39566708
Timor,TLS,2014,21.95826036
Togo,TGO,2006,56.54927473
Togo,TGO,2011,55.01920004
Togo,TGO,2015,51.14404182
Togo,TGO,2018,24.07772156
Tonga,TON,2000,2.535488538
Tonga,TON,2009,1.106823496
Tonga,TON,2015,0.95249028
Trinidad and Tobago,TTO,1988,0.431944611
Trinidad and Tobago,TTO,1992,3.195397949
Tunisia,TUN,1985,15.09487305
Tunisia,TUN,1990,10.72562988
Tunisia,TUN,1995,11.82404297
Tunisia,TUN,2000,6.014658203
Tunisia,TUN,2005,3.402460959
Tunisia,TUN,2010,2.002575326
Tunisia,TUN,2015,0.246184525
Turkey,TUR,1987,2.158007812
Turkey,TUR,1994,2.951306152
Turkey,TUR,2002,2.104415133
Turkey,TUR,2003,3.867458175
Turkey,TUR,2004,2.030029762
Turkey,TUR,2005,2.34066645
Turkey,TUR,2006,1.770227048
Turkey,TUR,2007,1.305338858
Turkey,TUR,2008,0.564947825
Turkey,TUR,2009,0.720389992
Turkey,TUR,2010,0.773769151
Turkey,TUR,2011,0.129527413
Turkey,TUR,2012,0.093060849
Turkey,TUR,2013,0.298105342
Turkey,TUR,2014,0.204682579
Turkey,TUR,2015,0.212372856
Turkey,TUR,2016,0.202716984
Turkey,TUR,2017,0.138647252
Turkey,TUR,2018,0.040396954
Turkey,TUR,2019,0.360609789
Turkmenistan,TKM,1998,49.81860158
Tuvalu,TUV,2010,3.26041725
Uganda,UGA,1989,58.27134515
Uganda,UGA,1992,64.43798346
Uganda,UGA,1996,63.40027203
Uganda,UGA,1999,67.45175344
Uganda,UGA,2002,65.57319018
Uganda,UGA,2005,57.03243782
Uganda,UGA,2009,45.31890048
Uganda,UGA,2012,35.73947708
Uganda,UGA,2016,41.34905026
Uganda,UGA,2019,40.99174812
Ukraine,UKR,1992,2.677740121
Ukraine,UKR,1993,1.131671509
Ukraine,UKR,1995,4.794199219
Ukraine,UKR,1996,5.025934538
Ukraine,UKR,1999,7.113071289
Ukraine,UKR,2002,1.509291287
Ukraine,UKR,2003,0.55721421
Ukraine,UKR,2004,0.459216189
Ukraine,UKR,2005,0.20970831
Ukraine,UKR,2006,0.096708673
Ukraine,UKR,2007,0.079173898
Ukraine,UKR,2008,0.009957771
Ukraine,UKR,2009,0.054822975
Ukraine,UKR,2010,0.002843001
Ukraine,UKR,2011,0
Ukraine,UKR,2012,0
Ukraine,UKR,2013,0
Ukraine,UKR,2014,0.006391669
Ukraine,UKR,2015,0.019662659
Ukraine,UKR,2016,0
Ukraine,UKR,2017,0.022941799
Ukraine,UKR,2018,0.009935224
Ukraine,UKR,2019,0
Ukraine,UKR,2020,0.019133458
United Arab Emirates,ARE,2013,0
United Kingdom,GBR,1969,0.234305565
United Kingdom,GBR,1974,0.237266685
United Kingdom,GBR,1979,0.224436178
United Kingdom,GBR,1986,0.744663242
United Kingdom,GBR,1991,0.240796754
United Kingdom,GBR,1994,0.246627261
United Kingdom,GBR,1995,0.24714141
United Kingdom,GBR,1996,0.246367195
United Kingdom,GBR,1997,0.247251132
United Kingdom,GBR,1998,0.245557442
United Kingdom,GBR,1999,0.24853189
United Kingdom,GBR,2000,0.248151377
United Kingdom,GBR,2001,0.23821339
United Kingdom,GBR,2002,0.242948246
United Kingdom,GBR,2003,0.247972883
United Kingdom,GBR,2004,0.371322964
United Kingdom,GBR,2005,0.523194099
United Kingdom,GBR,2006,0.197943923
United Kingdom,GBR,2007,0.266805213
United Kingdom,GBR,2008,0.29490337
United Kingdom,GBR,2009,0.172647618
United Kingdom,GBR,2010,0.140985317
United Kingdom,GBR,2011,0.378939072
United Kingdom,GBR,2012,0.168917547
United Kingdom,GBR,2013,0.159602324
United Kingdom,GBR,2014,0.187242746
United Kingdom,GBR,2015,0.147457278
United Kingdom,GBR,2016,0.205222786
United Kingdom,GBR,2017,0.298055449
United States,USA,1974,0.494082529
United States,USA,1979,0.499158378
United States,USA,1986,0.498987809
United States,USA,1991,0.49938721
United States,USA,1992,0.497899338
United States,USA,1993,0.499658555
United States,USA,1994,0.499792789
United States,USA,1995,0.49998137
United States,USA,1996,0.498785391
United States,USA,1997,0.749061645
United States,USA,1998,0.748834061
United States,USA,1999,0.748056213
United States,USA,2000,0.749595366
United States,USA,2001,0.749306928
United States,USA,2002,0.748915861
United States,USA,2003,0.997419733
United States,USA,2004,0.999882051
United States,USA,2005,0.999731811
United States,USA,2006,0.998909147
United States,USA,2007,0.999890444
United States,USA,2008,0.999749241
United States,USA,2009,0.999386019
United States,USA,2010,0.999726797
United States,USA,2011,0.99897617
United States,USA,2012,0.998479684
United States,USA,2013,0.995463915
United States,USA,2014,1.248946822
United States,USA,2015,1.249188105
United States,USA,2016,0.999391061
United States,USA,2017,1.249922877
United States,USA,2018,0.999791875
United States,USA,2019,0.999170522
Uruguay,URY,2006,0.471123905
Uruguay,URY,2007,0.331695541
Uruguay,URY,2008,0.18636962
Uruguay,URY,2009,0.204677066
Uruguay,URY,2010,0.152454101
Uruguay,URY,2011,0.115895023
Uruguay,URY,2012,0.151050247
Uruguay,URY,2013,0.163673284
Uruguay,URY,2014,0.1153892
Uruguay,URY,2015,0.131647469
Uruguay,URY,2016,0.075134267
Uruguay,URY,2017,0.05414765
Uruguay,URY,2018,0.055849955
Uruguay,URY,2019,0.099001315
Uruguay,URY,2020,0.184260158
Uruguay - urban,,1981,0
Uruguay - urban,,1989,0.579881081
Uruguay - urban,,1992,0.503521064
Uruguay - urban,,1995,0.447699035
Uruguay - urban,,1996,0.461699535
Uruguay - urban,,1997,0.538596552
Uruguay - urban,,1998,0.58103515
Uruguay - urban,,2000,0.506457023
Uruguay - urban,,2001,0.421951336
Uruguay - urban,,2002,0.514911376
Uruguay - urban,,2003,0.672971443
Uruguay - urban,,2004,0.804863992
Uruguay - urban,,2005,0.721010785
Uzbekistan,UZB,1998,39.93921272
Uzbekistan,UZB,2000,61.45855025
Uzbekistan,UZB,2002,57.52473736
Uzbekistan,UZB,2003,61.57397174
Vanuatu,VUT,2010,13.14295371
Vanuatu,VUT,2019,8.64541754
Venezuela,VEN,1981,6.005127945
Venezuela,VEN,1987,6.262018897
Venezuela,VEN,1989,4.964617704
Venezuela,VEN,1992,4.347350652
Venezuela,VEN,1995,9.379050847
Venezuela,VEN,1998,9.789314004
Venezuela,VEN,1999,11.1408494
Venezuela,VEN,2001,9.280858819
Venezuela,VEN,2002,15.5227079
Venezuela,VEN,2003,18.79023293
Venezuela,VEN,2004,15.75989656
Venezuela,VEN,2005,13.89941426
Venezuela,VEN,2006,6.676078223
Vietnam,VNM,1992,52.29665674
Vietnam,VNM,1997,31.43613326
Vietnam,VNM,2002,37.01960661
Vietnam,VNM,2004,25.78332656
Vietnam,VNM,2006,18.83753234
Vietnam,VNM,2008,14.11938052
Vietnam,VNM,2010,4.027738451
Vietnam,VNM,2012,2.728185109
Vietnam,VNM,2014,2.601209035
Vietnam,VNM,2016,1.80478618
Vietnam,VNM,2018,1.801464492
World,OWID_WRL,1981,42.63940873
World,OWID_WRL,1982,42.12903724
World,OWID_WRL,1983,41.28040201
World,OWID_WRL,1984,39.574479
World,OWID_WRL,1985,38.02852618
World,OWID_WRL,1986,36.69448091
World,OWID_WRL,1987,35.65588156
World,OWID_WRL,1988,33.85239566
World,OWID_WRL,1989,36.91441874
World,OWID_WRL,1990,36.29153358
World,OWID_WRL,1991,35.9339459
World,OWID_WRL,1992,35.01012605
World,OWID_WRL,1993,34.12303142
World,OWID_WRL,1994,33.05789224
World,OWID_WRL,1995,31.16442871
World,OWID_WRL,1996,29.66661759
World,OWID_WRL,1997,29.49549004
World,OWID_WRL,1998,29.79028491
World,OWID_WRL,1999,28.78069683
World,OWID_WRL,2000,27.6880278
World,OWID_WRL,2001,26.89671338
World,OWID_WRL,2002,25.63137721
World,OWID_WRL,2003,24.42863891
World,OWID_WRL,2004,22.64501793
World,OWID_WRL,2005,20.82814145
World,OWID_WRL,2006,20.08893786
World,OWID_WRL,2007,18.9162811
World,OWID_WRL,2008,18.15102182
World,OWID_WRL,2009,17.34169005
World,OWID_WRL,2010,15.77861912
World,OWID_WRL,2011,13.82102706
World,OWID_WRL,2012,12.96168118
World,OWID_WRL,2013,11.65965061
World,OWID_WRL,2014,11.21018685
World,OWID_WRL,2015,10.91926563
World,OWID_WRL,2016,10.64807571
World,OWID_WRL,2017,9.814589572
World,OWID_WRL,2018,9.098339631
World,OWID_WRL,2019,8.695796646
Yemen,YEM,1998,6.966710533
Yemen,YEM,2005,9.385097428
Yemen,YEM,2014,18.26823524
Zambia,ZMB,1991,55.16358796
Zambia,ZMB,1993,56.17216555
Zambia,ZMB,1996,43.624892
Zambia,ZMB,1998,43.84536699
Zambia,ZMB,2002,52.05242742
Zambia,ZMB,2004,58.37080891
Zambia,ZMB,2006,62.1396748
Zambia,ZMB,2010,65.81799092
Zambia,ZMB,2015,58.7459713
Zimbabwe,ZWE,2011,21.355553
Zimbabwe,ZWE,2017,33.86387179
Zimbabwe,ZWE,2019,39.5321404
